,0,1,2,3,4,5,6,7,8,9,10,11,12,13,14,15,16,17,18,19,20,21,22,23,24,25,26
Estado,Acre,Alagoas,Amazonas,Amapá,Bahia,Ceará,Distrito Federal,Espírito Santo,Goiás,Maranhão,Minas Gerais,Mato Grosso do Sul,Mato Grosso,Pará,Paraíba,Pernambuco,Piauí,Paraná,Rio de Janeiro,Rio Grande do Norte,Rondônia,Roraima,Rio Grande do Sul,Santa Catarina,Sergipe,São Paulo,Tocantins
199012,30474,309582,29559,252303,1189274,625408,497630,615824,905263,213394,318475,359427,3413356,442968,329209,1831492,887969,76803,2991714,219588,1666315,130463,30461,1116897,8555681,223653,101698
199101,28949,305351,30431,257506,1175363,630440,504458,621398,896990,206257,315252,359266,3432642,437674,330444,1821109,887126,73473,2992043,220699,1668285,127274,27560,1120404,8542082,220740,101433
199102,27791,306278,31700,254649,1167999,649329,508939,616428,905576,204378,316689,362058,3423307,433848,327898,1829506,889195,67789,2978432,222972,1658456,124089,26146,1130720,8509367,220127,101631
199103,30140,301440,34092,255935,1158184,665453,516450,614671,904097,203041,318191,359263,3397666,432656,331328,1842665,889877,66724,3000859,219182,1651662,121019,24641,1131228,8543056,222639,101429
199104,28668,291133,35539,250422,1148156,671609,528782,610448,905082,200333,313158,356993,3401438,426130,326307,1836083,865830,62328,2979201,213078,1637717,117452,24979,1132968,8579518,225605,101495
199105,27004,280860,39072,242894,1127389,668362,536498,596089,891562,199672,309591,349177,3337898,405625,322844,1805564,840399,59859,2905743,211793,1602979,114912,23321,1122369,8475345,223054,104133
199106,27447,276032,41783,236255,1108500,664608,537318,586975,876792,207276,305158,337954,3276077,387648,320290,1770989,823139,61676,2842600,208396,1581247,110757,20070,1105635,8368734,226280,100466
199107,24565,271693,42655,230968,1100836,664931,537107,583628,852768,211406,297419,328171,3194717,374495,317919,1754721,820941,57059,2799323,210801,1558336,107609,17914,1111517,8240856,231184,95998
199108,21995,265202,45360,229159,1081446,657014,546604,577571,839426,218147,302384,318996,3112589,365294,313511,1727312,820502,59202,2724536,210570,1537391,103155,18518,1103255,8079834,235679,91964
199109,21199,261204,47177,222560,1062066,649076,547066,569100,824815,221901,298404,308023,3027947,353574,307936,1694044,812397,62262,2685279,213472,1516125,96283,17143,1096493,7905547,239315,88582
199110,20125,257700,49295,218153,1045175,645433,552116,561771,806876,224531,297148,293543,2937728,346851,299094,1664945,795411,64684,2662305,210352,1480378,94223,18493,1091411,7763110,244753,83538
199111,19722,247487,51610,213549,1032924,639385,561621,543466,781994,226581,293791,289897,2823851,343250,293417,1647013,778320,67150,2632817,203800,1457701,85239,15193,1096915,7576517,247662,82373
199112,18175,243868,53304,215354,1036656,641186,563537,530249,762704,228514,294446,283983,2776093,346513,292141,1643466,773843,68476,2591458,197494,1458198,85965,13487,1103927,7469446,246763,83723
199201,18147,244524,55691,211343,1034601,644814,570232,520506,764609,233139,300181,288176,2738228,352037,293225,1670681,763317,71071,2589926,191719,1464584,87323,13787,1106182,7430372,248718,86106
199202,17983,239145,57303,209293,1058042,636943,584477,519323,762413,234102,299036,286687,2753049,359191,290493,1670862,754190,78447,2590396,180621,1450894,88285,14866,1096332,7425066,245717,88674
199203,15925,235079,58532,204531,1076044,623199,599492,514230,756536,238113,295682,288692,2755114,356467,286155,1681612,741547,83105,2568425,178209,1453906,88807,16350,1093807,7359218,241925,91018
199204,16999,241325,58302,210627,1094121,622683,620516,514430,766103,238634,306592,289594,2764977,363407,293197,1733022,754546,89797,2592511,181425,1470345,92844,15912,1096610,7394603,241482,93212
199205,17901,243160,59663,214555,1104246,620662,637549,508252,775714,236533,306747,292556,2762324,370732,295504,1793843,765558,95660,2606098,179632,1476869,95278,17054,1100194,7375844,242698,93455
199206,16578,237937,59299,219043,1122898,615037,657434,502496,784554,229288,309190,298121,2778943,374831,293520,1872838,770152,101389,2630141,177462,1484047,98073,19642,1106970,7357906,236371,95722
199207,17221,236377,60071,225822,1122670,610502,672486,499217,798728,218943,311428,298131,2801820,375759,291233,1972034,768809,105717,2660385,177163,1489257,98201,21867,1106816,7373649,231587,98732
199208,17801,232778,59439,225270,1132024,611261,681605,495264,796920,211395,310490,296470,2801860,375735,291208,2007101,764561,107457,2668406,174331,1462399,97683,20482,1111991,7356911,227739,99824
199209,17472,230282,60368,230052,1141902,610315,685921,486381,793640,202422,311986,300001,2820506,378356,287918,2037465,759946,110323,2648896,170913,1455401,97373,18978,1100190,7317382,223488,100355
199210,17317,231901,60803,234945,1150997,602531,687521,484852,801837,199996,312723,310108,2819012,379650,290307,2036820,767516,116410,2617424,169039,1448050,96546,18002,1087721,7299904,218251,102318
199211,17126,232451,58632,243461,1150873,601316,692275,487687,820194,199501,324423,315198,2846208,381993,292825,2036049,782584,122543,2615175,169704,1432057,97169,19577,1069486,7303910,213521,104410
199212,18110,231263,57833,240886,1167179,598321,695062,490588,841763,196872,334629,322560,2874126,383405,291890,2055251,789245,129987,2616910,172127,1421644,97753,22387,1063162,7318807,210611,107581
199301,19688,224604,55562,247101,1191190,584480,699699,495726,852757,194114,337269,329079,2881770,390388,290702,2043384,786245,137907,2610450,168656,1420304,99933,23688,1068209,7339829,208501,109376
199302,20934,227590,55644,250360,1193580,558915,688183,497379,849789,192647,339634,332421,2876079,391617,327353,2038651,781415,143748,2589838,170759,1445125,99447,22109,1067679,7332556,208567,111666
199303,20870,223304,54854,254520,1187075,548619,688738,500789,859407,191727,346097,339372,2893224,403353,343251,2015274,775742,146086,2583961,171986,1446304,101059,20625,1068505,7362115,208064,113260
199304,20760,216383,55131,252467,1195706,531495,677171,495601,850645,189853,343066,345635,2860904,399411,358766,1980626,768533,146543,2555952,174519,1438293,97773,19830,1058192,7285887,204010,112484
199305,20824,210680,52490,250116,1168066,517849,667474,496731,848292,188275,340848,348140,2850071,395025,351345,1910610,747603,142849,2529615,177925,1441513,96749,20213,1050216,7234573,195847,113322
199306,20770,212303,51378,246455,1155893,521857,656066,501501,848081,188641,349283,356158,2866083,400404,350597,1847847,742279,140921,2527366,183924,1449716,94716,19096,1036672,7231017,196449,114925
199307,20293,211072,49230,237981,1165387,517362,648909,500192,858171,186664,359281,366963,2848988,410852,349587,1750534,742556,143287,2495377,182037,1464668,93307,17851,1023764,7158090,197362,116157
199308,19640,211398,45448,233863,1146302,505631,628165,496520,853397,182502,357174,367381,2816772,417155,346847,1706491,735840,145286,2457268,182511,1469877,92065,16631,993834,7054936,190071,117200
199309,19985,212873,43567,235537,1142108,497220,627966,502084,872479,183904,372491,371064,2823076,426501,350366,1671438,723222,146624,2481741,186008,1505619,92307,15329,995293,7095317,189236,120474
199310,20057,210635,41101,232898,1164432,509723,635793,514587,904337,178076,393162,376480,2913333,439068,350540,1712174,719923,146025,2555396,190052,1548210,91724,15201,1016247,7233424,189877,123849
199311,20016,212171,40068,232670,1186396,505520,625537,519421,915196,176854,403343,377833,2981386,451502,349229,1728097,707186,146488,2569659,194563,1578158,91050,14407,1015172,7271911,189683,127031
199312,21289,214923,40376,231423,1192525,505996,621169,524460,919420,188193,411019,380421,3032391,461357,355150,1732481,707086,147331,2597949,203490,1606088,89490,15569,1010635,7323039,189923,131105
199401,21904,219855,40626,222012,1192609,530472,617690,523634,930521,192910,417301,381994,3087429,462947,359459,1749633,718785,147562,2622113,213676,1612618,87560,15686,1012277,7338870,193758,132474
199402,22435,221345,39497,217316,1208315,564878,626559,522743,945898,202172,426943,385556,3151019,465214,333078,1734702,740069,146523,2647520,219004,1614057,86039,15686,1019512,7377701,195531,133341
199403,22539,229570,40056,212684,1214771,591324,614636,519415,953679,205229,430924,386212,3171538,464858,320497,1741498,751802,144328,2645224,226028,1634729,85384,18086,1015869,7355740,200287,134812
199404,23236,235992,39758,213617,1216503,611299,616857,526151,974680,210164,447148,394539,3226952,475975,309157,1753670,771163,147868,2683751,232595,1658739,87729,18841,1017712,7486613,205179,137302
199405,22910,237517,39576,215117,1237797,615118,606713,524350,978434,208585,451455,396748,3248874,484758,313168,1804675,782292,148129,2708467,234820,1674987,88490,18396,1010015,7605821,210093,137474
199406,23351,237945,40007,215017,1247773,612369,601293,529834,984060,207743,454841,398789,3276199,489978,315827,1865209,789173,148470,2727906,234677,1704131,89042,19690,1012208,7798375,211457,135470
199407,24901,237507,41921,211089,1240641,620092,590294,539267,978585,207179,445970,397775,3332586,483860,318384,1945082,788667,146597,2788049,238930,1716810,88669,20335,1009704,7998238,208336,135224
199408,25470,237500,44668,210215,1255213,624649,590387,552885,993565,208709,443595,404723,3407494,481813,319933,2010167,802264,144752,2845301,241720,1727852,89184,23341,1016558,8233498,209798,136699
199409,26266,235732,46647,203925,1262613,616825,573882,556566,989525,207030,426898,407932,3439559,477571,317905,2096823,821451,142588,2869211,245228,1712916,88173,27512,1015375,8383145,208864,136954
199410,26345,233015,46805,196221,1240895,596396,550809,560446,962524,210281,398107,404277,3425294,465905,312944,2133136,814128,142639,2847091,246151,1686543,88875,28591,992086,8442756,203373,136261
199411,26981,230776,48430,182808,1225060,587097,547225,574337,958533,207892,380639,404943,3440833,465805,312015,2198133,811275,142075,2884114,244616,1681950,89498,29450,997875,8620909,205701,136159
199412,26473,226450,48246,175863,1200448,576620,544619,583574,961499,193705,372160,412900,3463833,465584,310895,2268484,816664,142082,2909907,234843,1679170,91777,29277,996783,8800371,204702,135107
199501,25904,225268,47829,176230,1180406,552202,543470,602345,954770,183804,370869,412206,3469864,472829,306247,2331309,802517,140028,2945347,226278,1679753,93589,32618,979286,8968638,201312,137675
199502,26129,226869,48527,176348,1161271,545881,542817,622609,958834,179319,362874,407409,3506590,481216,306994,2422641,799383,142545,3005545,230577,1678059,98059,34299,975402,9161854,198388,139691
199503,27080,226918,47725,178058,1171194,541787,553050,637592,970413,176972,363577,407611,3581998,485482,307100,2491553,806700,147811,3069787,228941,1669010,100019,32909,992493,9426033,195559,140169
199504,26640,225703,48228,175258,1162493,535782,556919,651851,970657,174004,359851,401794,3642124,477945,301070,2538560,797205,148396,3121366,223376,1662711,99192,32349,1003245,9565528,193199,141763
199505,27960,228477,48652,177631,1169320,540746,575412,677922,989915,175765,367287,403105,3745726,474729,308221,2579263,805393,153429,3219166,222400,1672584,101767,33069,1048240,9851406,191054,145062
199506,28757,233221,50341,181651,1178688,545771,589754,699161,1016767,176862,369403,398193,3851867,472962,314405,2587353,806618,156112,3321408,224662,1677187,104968,33579,1104251,10054852,189191,151024
199507,28760,235390,50089,180341,1181798,549865,600837,716735,1037315,181246,377636,394703,3916178,476636,315849,2549419,806488,159565,3370337,225605,1662748,107594,34386,1128405,10243196,192163,153492
199508,30207,238811,51987,182462,1194051,546123,619248,738284,1069828,181156,390608,397490,4028085,482389,319395,2554636,801546,160715,3481357,227493,1694596,112613,34290,1173031,10571224,195395,161520
199509,31485,241382,51735,183639,1202850,552911,641656,763488,1095880,184639,406693,398527,4145921,496399,323627,2542566,783908,167949,3586349,223886,1710482,116770,33875,1214076,10889050,191766,166825
199510,32639,246863,50927,184877,1206072,564157,661647,775527,1126297,193443,423932,397779,4243340,501256,331352,2521108,784023,171499,3666009,224042,1718710,120288,35062,1248680,11114597,189994,168400
199511,34913,251854,50337,191034,1218313,580475,675925,803903,1150772,203784,437051,401800,4372276,504766,336566,2484532,787127,180345,3751955,231097,1728689,123541,38881,1285751,11385268,189435,172610
199512,36724,254082,52174,197253,1232052,593221,685334,830427,1170366,216141,439789,400415,4448045,506221,335316,2445710,778529,184999,3833465,241058,1753696,125218,39685,1337441,11583845,189906,175078
199601,38512,256823,54846,202553,1253467,614144,688342,849714,1187552,234864,440263,399961,4546329,497633,338353,2393306,798980,188833,3883806,260530,1766664,128529,38963,1372092,11704110,190197,175368
199602,39417,256009,58513,208580,1263561,618473,686916,868935,1198470,245677,445463,406099,4574137,494230,339318,2354965,809978,188989,3904603,271753,1796854,126254,40614,1404099,11772364,195021,173358
199603,39148,257124,58654,211601,1274516,625418,686714,890893,1208007,258722,446130,407891,4624963,487411,343135,2332501,817784,191849,3946044,278180,1814126,126082,42414,1429280,11889881,199184,172470
199604,39076,256351,59431,212179,1280520,637987,678418,903013,1206698,269173,440143,410853,4653700,484782,348614,2324671,832118,194865,3963786,286023,1826261,124864,44776,1456461,11994758,200747,169485
199605,39924,259744,60108,212364,1312634,659428,678833,920024,1219844,284585,443405,415091,4715407,484312,351780,2332851,848345,198279,3983306,296933,1854298,122141,45415,1480008,12069103,208595,168582
199606,41372,260898,61217,212024,1331584,680758,677371,926723,1219049,300045,442669,418494,4736488,481899,354649,2327755,867377,203863,3953440,306119,1855855,123984,46688,1476888,12031682,215029,165228
199607,42887,266514,64558,219830,1372028,702183,681186,939028,1230943,314158,447410,416390,4800005,483115,361007,2337025,898279,208000,3943072,318408,1884909,125910,48174,1506003,11994409,219454,164283
199608,43730,271327,65097,227986,1415106,739237,685645,953137,1240779,338090,455995,420112,4851039,483931,371660,2356854,926601,219478,3901780,336793,1907504,125079,49287,1524367,11993593,230421,157361
199609,44959,279304,66839,238913,1459406,782686,681076,959172,1250389,360082,457100,420011,4877845,477040,381363,2351144,967510,222240,3852194,357013,1916941,131643,50179,1528626,11940039,245612,152337
199610,46501,289426,69716,252316,1516601,823203,684528,966636,1266709,378185,463487,423349,4943530,484662,394161,2371571,1007395,230522,3844101,379659,1965515,137528,51170,1554418,12037316,261203,151059
199611,46370,302777,71560,260583,1575273,863921,696097,959004,1277925,401147,470619,423654,4958528,489728,411140,2393832,1046624,234822,3828120,402426,1988615,143996,48409,1556061,12084965,270843,147437
199612,47245,320491,71172,267580,1642911,901619,697169,953310,1270860,421550,476039,419992,4980891,489836,431097,2379486,1086532,240928,3794663,419954,1987860,151019,46348,1541790,12063663,281146,142954
199701,48488,334665,72476,278735,1711065,936444,702202,947413,1269289,442343,480342,420672,4962559,498273,452200,2417555,1110804,253033,3800236,436488,2019236,157457,47163,1564316,12126102,290697,140493
199702,48501,352557,70918,282624,1766177,981418,703342,940101,1264541,469746,484306,422659,5013183,506982,467364,2451167,1139519,267827,3806882,449575,2026904,167597,46810,1574797,12237219,296252,140261
199703,49590,364918,72208,285874,1798568,999035,706180,931728,1260632,484464,488843,426943,4957300,519049,481924,2464828,1159432,271727,3771880,462794,2044029,170553,46512,1575507,12220989,300759,142671
199704,51440,381683,73589,293127,1865652,1024326,717049,934001,1268946,503979,495336,434034,4986793,539345,494083,2477096,1183663,277848,3798440,478349,2073189,178952,46813,1584439,12279405,307381,149246
199705,52020,392414,75068,296765,1905814,1048387,717672,920226,1260900,525938,495636,436767,4954898,555586,501909,2462097,1191334,287327,3784523,485247,2076221,185260,49272,1570951,12324288,313348,150781
199706,52038,402461,76236,301233,1940847,1069675,720914,918019,1258970,540314,498441,445709,4950684,570020,512115,2474790,1203919,294598,3770849,493727,2078751,186235,50619,1573434,12356360,316981,152274
199707,51184,407627,73518,303796,1980014,1081631,722169,911558,1245725,566614,496826,458170,4943491,586513,521426,2497244,1207285,305672,3765276,500756,2100549,191305,49431,1579799,12386323,316994,154805
199708,53160,413430,75344,301282,2012929,1105624,720941,902397,1231114,590004,495528,463773,4937349,601872,529744,2486215,1218685,315321,3772507,504328,2109236,197571,48908,1582407,12306706,319706,158397
199709,54389,416693,73847,294703,2055473,1104305,726398,900658,1222700,614905,503333,468266,4932950,617239,535117,2475076,1222479,324052,3779263,515218,2121058,200197,47441,1576548,12266225,320792,162531
199710,56314,417875,74101,289118,2104115,1122033,724518,905405,1210975,643084,505401,473641,4930601,637385,539673,2460291,1226646,330633,3784501,525285,2124039,200508,45830,1572944,12116893,324442,164681
199711,58368,417910,73236,284455,2141544,1126994,715330,896626,1195127,668019,499013,475234,4930584,655662,542615,2454715,1221525,341734,3767229,529264,2159817,201159,46386,1585424,11964841,329035,166944
199712,59438,417487,72776,280869,2176716,1136572,709967,885187,1191635,685750,497703,479638,4918115,681498,543424,2491301,1222618,344903,3768210,539962,2193735,203961,45277,1613766,11975981,330374,169100
199801,59392,415838,70013,271865,2195340,1158957,709259,887285,1192786,705905,498638,484379,4951620,692590,537919,2481091,1222975,347085,3765582,547929,2194651,203208,43863,1614028,11948004,332671,172091
199802,59566,409280,70998,266863,2225308,1150410,708792,887850,1189511,717705,498957,488490,4943550,703741,536202,2457089,1216829,348605,3761396,551956,2208127,198648,44398,1616718,11804235,334434,174378
199803,58799,406097,70234,267905,2266473,1160902,702079,886668,1175526,728795,501930,487056,5003132,722099,533324,2445463,1214932,354267,3777648,551986,2214567,199682,46496,1623947,11796331,335028,174569
199804,58537,402188,71160,267805,2302812,1166447,698397,887975,1171169,738328,506479,485922,5029678,726146,533591,2450295,1212095,362226,3770943,553401,2232727,198384,48227,1640661,11825600,338338,173589
199805,58094,399087,69512,268445,2338254,1160259,694412,891357,1163470,735301,510237,483883,5065452,734968,538943,2436115,1216717,362540,3764039,556579,2227038,197977,50717,1642514,11744741,336458,176359
199806,57999,396599,66449,267463,2373971,1153439,690401,896518,1150355,744438,514827,478985,5096768,743068,541197,2418254,1225001,367549,3780470,555400,2234195,199964,53203,1647760,11742500,334281,183467
199807,59181,397797,67846,271542,2392958,1154973,686811,893084,1146523,752199,523407,473810,5126885,756272,543037,2388648,1232372,371057,3797892,554296,2234079,201616,56051,1642468,11727178,333822,192742
199808,58182,398480,64140,280762,2423969,1149835,686016,881669,1142762,757319,525830,465124,5117934,767215,541564,2359276,1230733,372794,3771204,554680,2220488,202777,57667,1629929,11685949,328762,205711
199809,57569,399114,66096,288834,2429190,1158638,685975,872565,1142990,761435,525158,461631,5137434,782760,544064,2377285,1228045,374766,3805296,547706,2253932,204770,58278,1653864,11679322,323089,218222
199810,56319,397754,67761,292720,2438840,1137850,684586,860595,1135192,755021,527675,459549,5125963,794520,549789,2363160,1222064,374590,3811036,541069,2233299,208594,59477,1649949,11721251,312821,237075
199811,54655,392375,70629,298730,2441176,1145770,689089,852178,1138033,756227,533648,458947,5101647,798809,550405,2352103,1224407,374742,3813358,535313,2208559,210878,60490,1647630,11737842,300548,253813
199812,54947,388855,74447,314114,2441242,1142664,694139,849225,1147322,764715,537975,456571,5112672,802240,554469,2335189,1227705,379479,3819249,533571,2209238,214892,65264,1648817,11713331,292529,267259
199901,54898,383749,77658,327161,2461188,1138989,694444,837236,1151525,764640,540086,454132,5089958,801792,565277,2320637,1224610,379448,3809177,531050,2220864,216763,66100,1647606,11722576,281595,281621
199902,55756,381227,78634,337089,2455282,1120623,697124,821692,1154734,759222,540103,447972,5029830,810996,565569,2309381,1209494,369675,3786167,527669,2207938,223233,67505,1649777,11724443,274837,289240
199903,57832,379363,79846,343169,2468047,1129821,707186,824621,1175816,756925,539547,446491,5032063,827094,571561,2307376,1216698,370292,3817842,530637,2217613,226973,66334,1658257,11777647,271254,299938
199904,59079,374080,77109,346457,2452338,1124697,711064,817129,1188192,753384,539105,438542,4976442,848223,571963,2297774,1204475,365043,3777505,527791,2197488,232203,64369,1657870,11716338,261280,310596
199905,60504,369775,76505,346190,2433761,1123658,713300,809543,1198496,748253,538444,436235,4930163,850742,570625,2293816,1201212,363136,3766056,526432,2193834,233753,58865,1670208,11708848,253475,325983
199906,61852,369341,76870,356234,2419829,1135220,720346,792671,1227078,749824,543603,436120,4906187,864564,569411,2297393,1195006,358594,3737925,529555,2199670,237534,56286,1682989,11747004,252510,335885
199907,62352,365083,76445,361029,2406854,1138600,727263,786223,1248139,727153,546254,436643,4864940,876010,568020,2305295,1175725,348512,3732422,525063,2183036,236945,54016,1701121,11826123,250044,345689
199908,63513,359074,77383,362867,2384331,1139755,727092,783670,1262881,700297,548895,435821,4794068,880312,563917,2309180,1166158,340173,3728265,521206,2182068,238807,53566,1719501,11838269,245717,350687
199909,64409,357960,76491,367148,2390644,1145044,731228,781795,1280502,684544,555458,435956,4764057,889986,562432,2293980,1161399,337708,3693199,525430,2169406,234880,54065,1734704,11865139,243022,353748
199910,67618,353626,76078,367630,2360649,1145633,733205,772623,1292634,660104,557929,434642,4699207,899079,549151,2278865,1154238,332475,3662568,525012,2154899,235517,53704,1738090,11808190,238464,345747
199911,69540,354944,75292,371797,2342324,1134120,732733,777897,1310121,637457,562671,433658,4658118,914607,540949,2282170,1153174,322301,3659122,526633,2144047,234613,53730,1748870,11812907,235731,341118
199912,70925,355146,74614,365915,2322346,1123812,735127,783620,1321190,617333,569502,436253,4629158,932292,533697,2275860,1153805,315767,3669665,520752,2130275,232620,52475,1752299,11857498,236419,337735
200001,71231,357398,73374,363154,2277158,1101122,733626,779265,1321206,600583,572874,436911,4602351,951857,519457,2271786,1150886,309836,3641979,513987,2101886,234016,53033,1760528,11842838,236937,328934
200002,72677,352383,71231,379744,2248551,1109443,744500,783525,1354935,578816,586057,442732,4636685,965153,514261,2280455,1161641,307712,3656194,507805,2103976,230621,54781,1778561,11916025,233247,329459
200003,73781,351982,73051,398773,2221132,1111257,752647,781560,1384600,571706,603138,450663,4641156,975944,510531,2292562,1169902,302660,3653123,507950,2101475,231537,58008,1797434,11923222,230233,327832
200004,75278,349971,76208,418408,2190615,1121411,758312,776575,1409359,566656,614436,456542,4631671,988405,507990,2271139,1179861,299881,3655724,509935,2087751,230336,60946,1795850,11850351,228513,324528
200005,76078,352214,79678,441331,2172503,1138567,767053,779547,1439368,569014,628594,463207,4628405,1019526,508526,2273328,1191886,298916,3662283,516151,2097235,231684,65129,1803921,11821461,229166,315562
200006,76521,350894,81735,453729,2150352,1137786,765997,780539,1447898,558571,631461,462235,4564701,1038778,508575,2254934,1201007,295522,3671819,519541,2088477,229948,65993,1798053,11714565,225525,306142
200007,77179,354439,82707,467301,2143181,1140620,764948,781958,1455856,561261,634254,464552,4522632,1048574,512587,2252347,1231212,294764,3660990,530079,2098494,229652,68957,1793988,11641432,226596,293040
200008,76595,357017,83091,479069,2120345,1130097,762374,779407,1457480,564977,636079,467716,4497862,1062779,517033,2246154,1248118,290959,3652015,536170,2101474,226334,70457,1792016,11577325,225514,279579
200009,76084,354486,83367,490845,2074492,1117728,754302,772794,1449255,555413,632320,467160,4410188,1066130,515054,2227653,1261034,283851,3620020,533586,2083710,225498,72412,1774112,11453813,223928,267803
200010,73509,354143,83147,508134,2051793,1117530,750717,773877,1448893,560612,631816,468303,4366931,1067174,517552,2243605,1273117,280030,3609647,531830,2100293,220956,74847,1783030,11415408,225719,261645
200011,72327,347995,82482,519017,2017740,1108639,747284,768215,1441413,554282,631372,470255,4322739,1063762,516017,2230978,1273082,275226,3580163,527084,2103508,218737,76821,1783099,11341600,225218,253724
200012,70376,339573,80310,531184,1988940,1102413,752720,763582,1448674,545076,631797,471395,4302278,1056493,512001,2222466,1267118,270018,3542274,522136,2091032,213961,78465,1778900,11249279,221305,249733
200101,71000,332000,80000,543000,1978000,1094000,763000,767000,1475000,534000,641000,475000,4318000,1062000,509000,2238000,1267000,266000,3553000,515000,2100000,211000,80000,1791000,11266000,218000,251000
200102,70250,333917,81917,545083,1975500,1093167,760750,761833,1475917,536833,647500,476833,4304833,1062583,508833,2244833,1266167,268083,3542833,511167,2102583,213667,78917,1793083,11234333,222083,249500
200103,69500,335833,83833,547167,1973000,1092333,758500,756667,1476833,539667,654000,478667,4291667,1063167,508667,2251667,1265333,270167,3532667,507333,2105167,216333,77833,1795167,11202667,226167,248000
200104,68750,337750,85750,549250,1970500,1091500,756250,751500,1477750,542500,660500,480500,4278500,1063750,508500,2258500,1264500,272250,3522500,503500,2107750,219000,76750,1797250,11171000,230250,246500
200105,68000,339667,87667,551333,1968000,1090667,754000,746333,1478667,545333,667000,482333,4265333,1064333,508333,2265333,1263667,274333,3512333,499667,2110333,221667,75667,1799333,11139333,234333,245000
200106,67250,341583,89583,553417,1965500,1089833,751750,741167,1479583,548167,673500,484167,4252167,1064917,508167,2272167,1262833,276417,3502167,495833,2112917,224333,74583,1801417,11107667,238417,243500
200107,66500,343500,91500,555500,1963000,1089000,749500,736000,1480500,551000,680000,486000,4239000,1065500,508000,2279000,1262000,278500,3492000,492000,2115500,227000,73500,1803500,11076000,242500,242000
200108,65750,345417,93417,557583,1960500,1088167,747250,730833,1481417,553833,686500,487833,4225833,1066083,507833,2285833,1261167,280583,3481833,488167,2118083,229667,72417,1805583,11044333,246583,240500
200109,65000,347333,95333,559667,1958000,1087333,745000,725667,1482333,556667,693000,489667,4212667,1066667,507667,2292667,1260333,282667,3471667,484333,2120667,232333,71333,1807667,11012667,250667,239000
200110,64250,349250,97250,561750,1955500,1086500,742750,720500,1483250,559500,699500,491500,4199500,1067250,507500,2299500,1259500,284750,3461500,480500,2123250,235000,70250,1809750,10981000,254750,237500
200111,63500,351167,99167,563833,1953000,1085667,740500,715333,1484167,562333,706000,493333,4186333,1067833,507333,2306333,1258667,286833,3451333,476667,2125833,237667,69167,1811833,10949333,258833,236000
200112,62750,353083,101083,565917,1950500,1084833,738250,710167,1485083,565167,712500,495167,4173167,1068417,507167,2313167,1257833,288917,3441167,472833,2128417,240333,68083,1813917,10917667,262917,234500
200201,62000,355000,103000,568000,1948000,1084000,736000,705000,1486000,568000,719000,497000,4160000,1069000,507000,2320000,1257000,291000,3431000,469000,2131000,243000,67000,1816000,10886000,267000,233000
200202,60093,355526,104809,548860,1936964,1074932,724714,694676,1459614,564009,706553,489327,4060467,1064618,503176,2316471,1251993,288594,3399445,466742,2141510,236617,68337,1807123,10760944,268366,231138
200203,57118,353626,103082,532752,1913337,1049798,711490,690895,1433036,545338,692024,480141,4019509,1055755,492598,2297850,1234240,280158,3366371,461746,2134899,227144,70229,1791618,10643669,267473,226698
200204,54105,350577,101510,518903,1886013,1014630,699163,685992,1410645,525905,677014,472283,3957010,1042794,479123,2285318,1212523,271975,3309839,452813,2132196,220782,73305,1773420,10510811,265282,220615
200205,51581,346103,100049,503166,1850234,978225,686275,677617,1385029,504311,662564,465149,3896937,1030255,465444,2272157,1190075,262663,3267329,444954,2132724,212391,74981,1766810,10385715,262952,216371
200206,48961,341690,96732,488751,1825231,953225,676377,671443,1373735,487180,658894,459799,3862726,1024616,454807,2264420,1165542,256178,3237948,439476,2139471,206572,76183,1765999,10319949,260664,215683
200207,46834,334752,93688,473616,1781578,927215,666928,664296,1359091,477437,655103,454079,3815710,1018511,438715,2240095,1128032,249489,3195267,429218,2122628,198975,76155,1743401,10170657,254616,215153
200208,46630,329858,92819,463557,1750536,917286,662629,662806,1353891,472845,661544,452910,3809928,1022465,429461,2238619,1106463,246499,3179124,425944,2120850,193994,75632,1746836,10120618,252423,215825
200209,44388,323638,91975,453828,1719608,905572,653820,658365,1345651,467938,665340,447756,3785537,1023208,418529,2225876,1083788,242616,3136397,420906,2122744,192141,75289,1738060,9998468,249657,219087
200210,44497,320437,90274,444881,1704770,894733,648090,656174,1343847,463598,672410,440969,3784089,1027395,410796,2208617,1064884,240103,3115175,416315,2122742,194153,74500,1730909,9918521,249086,224254
200211,44592,317488,88757,437067,1697381,890005,646834,653369,1346109,467500,679707,436427,3790100,1038982,404740,2207150,1050311,239734,3098213,412719,2135317,192236,74698,1731656,9865075,247392,231401
200212,44467,315693,85970,429347,1677725,884128,640540,645990,1334938,468129,677584,428139,3739154,1042822,396483,2185915,1032466,239193,3059665,408768,2124010,190142,74350,1719335,9723939,244532,234231
200301,43603,316142,85093,418347,1658094,888572,635841,635153,1311935,470726,668575,417592,3663465,1052310,392755,2158499,1013872,238886,3021269,408265,2103000,185386,74283,1687172,9528051,245311,239493
200302,44448,310199,84701,424447,1636654,882882,632236,635373,1308148,469460,673077,420104,3666011,1077813,386220,2154407,990470,235455,3023401,404285,2089168,184939,73116,1680060,9452671,241337,241053
200303,46155,304289,83980,441844,1624760,870747,627360,624001,1296241,470980,668419,421549,3579864,1073946,380637,2150569,968513,236246,2985533,397006,2083104,185464,70646,1671924,9360141,237758,249050
200304,48210,305983,82091,442915,1641976,883337,632941,626485,1310896,483781,677958,431724,3600337,1074995,383928,2174245,973786,242263,3029794,401321,2110886,188569,67457,1690359,9445136,238879,265842
200305,48561,306399,78895,469124,1651710,894267,643724,624598,1332876,497825,684279,433628,3576307,1079171,381708,2167735,965807,249770,3024432,400660,2106924,192924,61711,1682680,9425287,237783,280166
200306,49735,307435,79825,475241,1662496,901310,656285,624878,1343064,506525,686735,430975,3563061,1077814,377443,2144771,963704,255328,3022757,399628,2082548,193899,58631,1666650,9347807,234356,290966
200307,50970,304394,81838,498479,1679622,907869,672175,626654,1368099,515046,693890,434866,3567276,1093151,376405,2166728,966440,263233,3058936,403509,2102519,201005,55968,1688165,9368675,234350,312408
200308,50706,304934,79920,517447,1696147,912769,686481,624592,1382280,521451,697269,437255,3546833,1108219,371063,2168518,967462,271896,3038243,400427,2108521,205921,53705,1682975,9287792,231718,332735
200309,54198,303982,78159,537947,1711801,916601,709244,629872,1405348,518051,703376,445206,3543243,1127367,367913,2202862,965700,277302,3076459,402204,2115167,206991,51784,1704459,9330256,229810,346662
200310,55349,304970,78548,540633,1721055,917213,726236,632724,1432982,523126,705654,452802,3513865,1144870,367614,2224283,967417,279595,3092194,404937,2100273,203429,49341,1708464,9305388,227358,365875
200311,56473,304788,78034,556808,1717057,911352,743151,630652,1457510,517960,702792,452545,3461542,1155154,361860,2217374,957880,277438,3072100,403001,2089998,207360,45685,1707486,9170224,224457,377106
200312,57023,303597,81046,561405,1716381,910123,762171,633687,1488934,520340,711546,457289,3463539,1179612,358855,2242440,949560,276732,3091130,403673,2096656,203279,42103,1723431,9142794,224583,390828
200401,58142,304535,80008,587382,1733557,917163,771216,636659,1514939,531005,716682,466165,3452798,1193163,354563,2259910,951037,276711,3092530,404604,2116716,209004,39775,1740105,9148318,222063,397426
200402,59844,309464,79767,592785,1743697,932929,787068,644503,1543110,545053,720708,463459,3471709,1198324,355122,2246242,959592,278056,3082638,409905,2110867,216795,36950,1739598,9097856,220665,407955
200403,61188,312931,78413,600167,1728749,949594,799081,654484,1572971,554680,729325,463466,3498520,1212199,356796,2264208,975792,281214,3104757,413446,2099551,221316,34062,1748400,9145649,221048,410357
200404,61944,313743,81094,604988,1736127,959521,810402,658634,1579595,558916,732156,459881,3486318,1222925,354861,2259984,988411,281575,3101274,412772,2063085,219518,31468,1751637,9074963,223127,405839
200405,64804,313903,81568,606510,1741902,960803,818561,674979,1589660,560794,742249,462899,3533788,1238478,355613,2275238,997240,279239,3127170,413100,2039162,218783,33046,1761175,9102910,223440,406385
200406,66976,308893,79831,608290,1730929,964715,823294,686186,1606200,569241,748587,468383,3557320,1254076,356318,2297599,1000254,280199,3146135,411250,2033427,221913,32024,1776219,9130653,221971,405559
200407,70461,309588,82892,611022,1717863,974173,830317,699325,1624614,573283,753433,469276,3613967,1264174,352829,2299263,994626,279525,3151533,408380,2015977,224754,30598,1791633,9189091,222823,401713
200408,73246,307143,84517,600855,1694217,982262,829079,709580,1642676,577249,743819,468426,3653329,1263468,353926,2290339,991932,276505,3169516,415618,1995662,222304,30962,1804278,9231810,223146,395197
200409,74878,308390,90237,604071,1708106,991808,846841,726595,1680102,590010,751077,475263,3741537,1285983,355396,2278579,977019,276434,3209542,419344,1983476,226770,29749,1806107,9319169,226220,408573
200410,76245,304790,92406,612762,1697065,993202,854580,735725,1695835,588632,747391,473555,3823223,1287862,350818,2250326,963012,272343,3209580,423051,1975282,229338,30072,1804218,9359100,224934,411178
200411,78651,303724,93542,616358,1684813,995054,859814,746226,1707758,587826,746132,474623,3929222,1285791,350168,2232155,964878,272521,3253556,433899,1948837,229908,30298,1804869,9454520,223710,416378
200412,79785,303902,96710,631005,1672017,992021,860420,753948,1719905,581605,743965,477886,4007278,1275035,353895,2231524,965940,271074,3291940,441578,1961208,235355,30971,1810073,9618822,222189,422798
200501,80914,306568,104197,613287,1668001,986162,855531,768967,1716900,579458,737634,479481,4104571,1264982,365065,2225422,979656,272764,3324329,450141,1966059,233057,30179,1824650,9724723,221797,431203
200502,82299,308322,101350,625249,1674551,988380,862291,774823,1742302,583768,737125,489037,4261380,1242639,375194,2237418,1001546,278718,3378933,457284,1968575,227078,30709,1844507,9919766,222327,438651
200503,83500,308315,103328,617010,1700176,986001,865412,778877,1746500,590173,734416,487956,4390821,1229839,382899,2202933,1014451,278492,3392659,462725,1975510,225578,32058,1844745,9920422,223906,442633
200504,87964,312513,109975,641386,1716412,988569,861994,782366,1765618,592881,735409,490535,4540080,1231064,393571,2198931,1030186,280913,3452696,473406,2005123,228405,33619,1856064,10101147,225246,446151
200505,89737,310058,114193,621164,1707562,982622,849346,766106,1747860,585691,714697,489204,4619644,1219237,392773,2172634,1030964,278369,3458904,474855,2014859,231079,32922,1847447,10151416,226825,434661
200506,93128,313163,118551,636824,1739457,983367,849117,759415,1762723,586359,708576,492397,4762598,1210450,398387,2185631,1049891,279652,3499453,486490,2044604,236594,32278,1861054,10333838,234385,428511
200507,93194,312472,115664,619765,1757933,986024,834330,746267,1758742,587467,700544,493343,4820532,1197161,405123,2176935,1070997,281803,3511810,495091,2043872,233850,33103,1847357,10401801,235609,410273
200508,93617,311596,115242,633453,1789716,981324,826249,735069,1762918,589836,701913,496495,4901645,1187902,405982,2180241,1077833,283777,3566751,500171,2056760,240662,32307,1843538,10534858,235743,404111
200509,100702,314864,112858,636128,1813989,989537,804726,716729,1753486,605269,696003,495007,4974115,1158151,413010,2178468,1115809,289221,3577126,511292,2067222,248528,33213,1849584,10615262,239789,382727
200510,105226,317979,115540,643114,1847144,1005841,792443,703160,1746874,624944,693052,501928,5014380,1153765,421576,2189208,1146451,298579,3607029,516344,2084073,251032,32382,1864412,10701469,246025,362505
200511,107992,319620,117139,633898,1880194,1023458,770397,692814,1749359,647274,698841,512274,5053599,1157911,430268,2214874,1165899,310233,3635370,519109,2121417,253148,33381,1882884,10818096,255135,346891
200512,111232,322946,119828,633881,1918788,1044446,757109,685876,1736947,675914,699730,517917,5079337,1171919,435866,2211646,1190994,324116,3646893,524558,2118457,264630,33388,1881551,10865470,263864,330075
200601,114415,318104,115540,626146,1934967,1055446,747184,673561,1730142,693939,701548,515485,5075946,1181617,430471,2203646,1193338,333178,3665682,526789,2106928,272001,34243,1870478,10863790,270225,312507
200602,113870,321355,123613,632110,1979658,1057513,734253,687958,1719035,699523,707591,515123,5040096,1198999,432424,2188155,1203439,339739,3679055,533524,2115615,280655,33315,1871324,10881163,280908,302550
200603,113565,323477,127841,635405,1991072,1055786,722692,697637,1707966,700209,705881,520087,5019809,1205511,431709,2193847,1201769,342529,3717393,540300,2113973,283375,32733,1878541,10979254,284153,295388
200604,113361,321992,129729,629348,2000621,1053879,723545,718830,1722932,711560,709783,524948,5038218,1211980,432101,2190869,1191027,346873,3745290,544822,2109167,291859,31815,1875250,11023143,286448,292172
200605,113279,326950,129981,645404,2045663,1063599,727858,739477,1763891,724488,731202,532039,5073322,1220119,441614,2201190,1199918,352689,3795872,554376,2128072,298325,32056,1888864,11087468,288841,305196
200606,113275,332272,132258,630065,2069571,1071313,725975,758918,1784430,737414,745422,537434,5074439,1223127,448197,2187451,1203691,357049,3829553,559481,2130887,301499,32571,1879946,11112870,290153,321598
200607,115100,337880,131025,651126,2095124,1080137,732882,781074,1807379,753847,761756,546774,5127665,1236002,453059,2191618,1212081,359432,3871915,562362,2143016,311968,33490,1899562,11196753,294550,344419
200608,116734,342476,133077,650768,2121678,1097384,743084,808754,1834620,773745,773310,554787,5182919,1236839,463047,2196811,1231011,364393,3905063,566895,2154676,318766,34126,1914273,11221230,300792,362131
200609,118766,343421,135101,651233,2136982,1110613,747223,837482,1858401,787739,790547,561493,5234967,1254685,470437,2225567,1242226,368637,3966836,571697,2170628,328433,34139,1939458,11392108,302340,381249
200610,121449,344618,138622,651617,2143562,1120320,754953,864950,1868943,795168,802113,571132,5280988,1249408,474619,2262932,1246757,371560,3996339,576592,2188696,336208,34453,1962196,11481599,303846,390192
200611,123347,353243,135304,655279,2186320,1140072,788005,904803,1894841,808697,821642,591863,5347977,1254891,493551,2315145,1274316,377542,4060814,590201,2217338,341620,34758,2003625,11665032,309880,406862
200612,123954,358731,131036,650485,2229089,1163017,800713,942185,1924596,812986,830019,610379,5404220,1262608,511415,2357828,1299334,381541,4091022,598279,2256709,347757,35332,2053763,11744688,315278,420967
200701,121872,363874,135046,666931,2259804,1173764,808342,974754,1943769,816847,840901,632929,5438436,1272803,523308,2382720,1320587,386585,4107097,602047,2280943,351377,35931,2081839,11775453,319406,426737
200702,123682,368056,129168,686596,2292414,1192009,822031,992479,1973252,827032,853554,656095,5507371,1288205,536578,2451191,1342329,390718,4144698,610759,2322283,353182,38965,2115032,11934972,323083,432638
200703,126219,373677,125540,677716,2342176,1217786,832583,1012653,2009464,842820,874835,677459,5554627,1309135,560366,2521479,1375219,397103,4172795,621865,2371872,357064,40938,2158559,12112973,329628,439699
200704,123072,377586,122732,676754,2358950,1221548,830427,1023096,1997390,843101,881522,692181,5524394,1317954,575769,2555357,1401264,393645,4154798,625617,2387312,357157,41788,2193120,12127916,331901,444300
200705,123895,389378,120586,684602,2402925,1236287,844269,1053235,2045644,862217,897256,712655,5584155,1338729,594058,2627040,1449599,399115,4198615,635020,2434327,364029,44718,2257850,12309115,340766,450352
200706,126264,393843,119454,704644,2436549,1240131,852171,1076934,2057643,876589,898397,733788,5615830,1368191,609827,2690196,1480780,400773,4219371,640718,2466527,371703,46988,2330094,12407474,345914,448194
200707,127524,401342,123062,689449,2480641,1248195,860680,1106784,2088325,882631,906623,755159,5650804,1384955,623190,2748223,1499205,404852,4245170,654244,2496605,377610,47471,2382733,12588983,352577,443643
200708,129986,409697,121779,702697,2533655,1267856,872780,1143439,2140835,897407,937033,784844,5714545,1426910,640788,2842989,1532202,415783,4302286,665554,2549707,394799,48392,2472440,12883288,361093,441842
200709,126094,418557,122360,704356,2572465,1276481,887406,1179403,2174073,908938,938832,799566,5722966,1443746,655911,2861502,1557044,423911,4299787,669539,2575173,386698,49659,2524198,12911685,367594,439456
200710,122931,428228,114256,734569,2637348,1293310,902147,1215909,2232611,929559,961643,816150,5816036,1480162,676242,2914180,1609583,436227,4330347,686678,2636124,394232,50633,2595233,13069193,377818,444173
200711,122362,436300,119792,737527,2672602,1306268,900316,1246623,2269767,940683,975799,819809,5850197,1514199,688963,2947717,1650142,441517,4315341,690490,2666647,397964,51815,2633059,13227932,382691,446072
200712,119435,438951,119743,755094,2678981,1312390,902020,1247859,2289271,953857,984949,818244,5869119,1540942,693949,2960130,1679016,445130,4307269,695919,2675140,391716,55553,2614727,13338539,385535,443496
200801,119145,446335,116366,769233,2678337,1328591,909713,1263713,2310616,963205,994957,814771,5902354,1559491,707783,3001521,1717153,449076,4300676,705791,2718542,390788,60009,2653587,13476268,391414,450745
200802,117900,447335,119069,749016,2676488,1336525,906725,1259471,2321158,974599,996790,804402,5880162,1552231,715373,2997884,1735981,454435,4254743,703339,2697249,394547,58234,2675139,13438486,392239,453737
200803,115894,447836,116214,761327,2669197,1339885,913424,1255385,2332116,977730,1005320,795709,5874294,1536716,710383,2985096,1739593,457675,4221247,701381,2683796,394824,57698,2687625,13359097,393893,456292
200804,119463,454122,112356,763511,2688580,1351123,928128,1254354,2375676,991982,1011472,791023,5928259,1518315,716053,3026094,1766752,467840,4241903,705260,2719140,391663,59915,2721304,13473381,399261,469570
200805,118982,452717,112373,758282,2667094,1344846,922532,1242971,2353333,986328,1001777,782259,5922787,1490439,713081,3036746,1764856,468940,4204452,703182,2722041,391023,58115,2728191,13479154,399791,465377
200806,116708,451765,109523,756393,2652420,1341912,929429,1233506,2356386,985803,1008269,772207,5940122,1460498,709881,3035838,1771292,470606,4189453,699405,2720887,386829,57281,2729022,13506163,397332,469311
200807,115148,450852,105470,767669,2656952,1351641,934317,1224650,2358305,1004691,1007248,758577,5947161,1447017,716288,3037927,1794381,481651,4172988,695857,2737765,383754,57154,2734190,13465620,397991,479897
200808,115738,455040,105831,756647,2673259,1361527,952379,1212579,2351388,1027038,1010352,735836,5963636,1426903,717388,3004989,1815566,489137,4118437,692395,2724980,382151,60570,2702448,13351990,399406,485073
200809,116168,454566,103075,751881,2683795,1378136,960265,1187522,2336541,1043254,1014458,724568,5981215,1417389,720827,3032254,1837350,499824,4068337,694519,2720141,400814,63223,2682919,13340561,397253,484294
200810,115537,457576,105338,727554,2700889,1400524,965182,1173478,2324454,1071080,1008361,714134,5975846,1410964,727980,3031529,1845097,509322,4039821,690549,2679646,401479,65082,2644487,13319930,396206,485014
200811,115899,460094,107336,753927,2715059,1414773,967419,1142714,2311957,1084685,997351,705756,5971416,1386809,726049,3031095,1851719,517534,3998907,690649,2685284,423521,66531,2627464,13277002,398339,475187
200812,117837,467155,110726,745544,2764216,1425408,978403,1149603,2320204,1103845,999173,701651,6017105,1365251,730226,3069224,1871001,528977,3989695,694868,2689547,436379,65958,2674457,13314044,401993,471148
200901,121146,471072,112729,744252,2825491,1437485,991263,1138824,2335717,1123586,998465,693327,6032354,1355544,734672,3092068,1878938,536766,3966930,694478,2685740,452325,63064,2669400,13304301,404787,467588
200902,124740,478239,114607,748997,2865855,1454200,1004658,1143539,2342701,1140342,995382,691822,6099741,1355182,735971,3113778,1893081,545933,3973627,700986,2704167,464716,66499,2657801,13367387,408254,462030
200903,125621,486000,118798,744159,2918151,1490217,1025965,1147255,2363467,1169732,992288,696440,6174132,1376485,744589,3148589,1916485,559124,3966846,708165,2726944,495044,69711,2660102,13491145,412955,461772
200904,129973,495073,120765,757901,2991502,1540157,1053179,1154354,2393105,1202483,1008806,705501,6268865,1415333,756310,3211601,1952935,573687,3950354,726825,2759329,538483,70751,2670204,13664879,422783,452978
200905,132969,502651,122596,764501,3035926,1587079,1076642,1163547,2409953,1232512,1022877,712154,6323039,1436896,771770,3252848,1985154,587521,3930468,744647,2770595,575746,73204,2662325,13756250,424625,461191
200906,135658,517494,124225,769021,3108650,1631687,1098742,1166459,2437080,1261465,1036437,721603,6367571,1463167,786512,3320142,2018019,605672,3933123,760492,2787967,619734,75424,2658355,13902483,436922,466499
200907,138821,525006,132353,774676,3161383,1670802,1120037,1169920,2457079,1283450,1050646,732283,6400371,1490729,798857,3392994,2058362,609870,3953753,772900,2818238,656300,78196,2667747,14005972,440694,462831
200908,145019,531313,139584,777900,3179826,1689266,1123055,1170929,2476556,1300629,1056938,753924,6425729,1518198,813860,3476025,2100775,620112,3970664,791144,2842644,697975,77943,2692298,14073926,445451,464085
200909,152302,546569,144618,778952,3212216,1729563,1132906,1189666,2521951,1312453,1062605,769910,6516018,1541427,823577,3549147,2151502,623496,4029271,804495,2888854,737775,78312,2720928,14235840,455674,472724
200910,156903,556714,151063,786747,3238648,1738433,1143798,1196673,2564783,1313003,1065604,777439,6573116,1561511,826300,3620858,2196552,624846,4081258,819598,2932309,777629,79962,2768288,14380802,462394,475921
200911,161781,561370,149964,774596,3279290,1742184,1152418,1211776,2589909,1334302,1071205,782557,6627050,1591826,827212,3669750,2243057,629001,4117969,829170,2963988,820132,80135,2803224,14381999,468904,476817
200912,171044,571206,148234,783118,3317215,1738335,1159643,1213779,2616939,1347559,1094717,793347,6649396,1606656,831604,3716251,2308902,632814,4154188,836342,3015506,880148,82869,2825849,14428017,473433,483503
201001,174705,583772,151542,796116,3349109,1794240,1167604,1223466,2657527,1378741,1099340,813149,6751429,1640682,834169,3749448,2406931,639535,4199911,850190,3070312,921425,86408,2852759,14534980,480282,487208
201002,175314,599181,153258,805795,3374467,1797287,1177639,1236720,2678001,1368814,1105955,828151,6764339,1662557,860209,3807946,2450138,647806,4215596,859404,3110680,966211,90937,2885838,14528334,488502,489183
201003,181124,618095,155755,820612,3408976,1782373,1190935,1257514,2715048,1377762,1113718,838784,6851518,1686510,865240,3864022,2475689,642896,4268181,862248,3132728,1003920,93855,2910121,14586545,496413,487730
201004,179272,643284,153473,820199,3394832,1780294,1191207,1258655,2708840,1350543,1105451,835066,6828948,1692136,880409,3887080,2475752,638512,4255961,853980,3151326,1008007,96429,2951034,14459467,498233,486941
201005,178424,656496,156357,826029,3425684,1794446,1198366,1261730,2732205,1355389,1103562,839037,6866521,1715283,887609,3911799,2478848,632989,4275605,849945,3169709,991147,99151,2978972,14440312,507437,476029
201006,179814,660175,162980,840486,3452712,1777620,1207238,1274310,2773163,1338403,1112372,849574,6983045,1750052,892266,3967831,2509382,628804,4289615,847673,3230792,996172,100256,3018175,14522491,513513,470118
201007,183509,675869,160871,854538,3469079,1765433,1219291,1284263,2805591,1321472,1127128,860587,7063130,1770516,900245,4012932,2530989,635272,4304992,850610,3274656,1018910,100122,3043773,14582040,523456,467976
201008,180248,684139,157706,858809,3514480,1764759,1230730,1287029,2814995,1298504,1129712,861186,7099541,1777880,886007,4018745,2514971,630705,4314228,840605,3304395,1025537,101327,3043233,14664769,531012,457720
201009,177724,696509,157079,887596,3576215,1752809,1249531,1286617,2836400,1294747,1142947,878040,7134501,1814724,885760,4025283,2534815,631510,4343061,840092,3315864,1045206,101882,3037171,14712125,543639,450261
201010,181852,705494,154789,902874,3620081,1760903,1271377,1291873,2851178,1286510,1161050,894564,7153569,1824509,902747,4051560,2568303,634213,4338368,845135,3347471,1067090,101935,3040908,14726738,553770,449301
201011,183963,720401,155551,930233,3631582,1756011,1276505,1278258,2875211,1275280,1189400,908508,7150074,1821214,914232,4090327,2560545,631617,4355649,841054,3370600,1057026,102160,3050641,14768648,560931,461770
201012,179984,731898,159175,940402,3610789,1792667,1280067,1277917,2899688,1276534,1192285,917267,7183080,1844200,930650,4124589,2558900,628354,4378001,840317,3395674,1038768,102186,3067107,14822355,566888,458724
201101,178322,742881,161970,948011,3615893,1717740,1277890,1271961,2901707,1282016,1204074,923248,7134988,1856176,946248,4174942,2496113,625022,4390254,836975,3399177,1021570,103009,3087810,14871943,579482,458331
201102,176590,753528,163047,958406,3650868,1718570,1273247,1274231,2899504,1299610,1219299,927203,7141492,1875690,941587,4218616,2504550,615063,4420192,839793,3434789,1011447,101170,3110858,14959500,588266,464140
201103,173249,764268,168657,971937,3653451,1746205,1275325,1274918,2900043,1296990,1232396,937443,7121508,1886780,958771,4264019,2528508,631031,4431797,849844,3466486,993673,100281,3147575,15030588,599329,467062
201104,170949,777489,174199,981650,3719740,1765588,1282563,1297570,2949122,1338171,1257774,960030,7195280,1923339,971665,4308720,2592250,638640,4513087,868120,3473626,983019,99298,3156787,15237331,613971,474678
201105,175742,792008,181487,972546,3745407,1742792,1279068,1307377,2969065,1330429,1283351,969952,7190198,1934332,984834,4336928,2645767,645725,4541714,875703,3495760,991235,98649,3159883,15273135,629620,481602
201106,176610,816011,183131,991677,3751096,1793196,1279129,1301052,2986798,1359267,1305803,983629,7136591,1952893,1005903,4370653,2685314,656001,4590373,890375,3523682,994724,100905,3196215,15259564,644449,487266
201107,174479,821905,188903,983986,3757618,1809055,1271539,1302702,2993518,1397731,1302235,978582,7096952,1966210,1012221,4323714,2687666,656836,4590391,895160,3519923,981114,102586,3187971,15088357,655980,491671
201108,175426,828799,206154,1012764,3745634,1835671,1275330,1311546,3021799,1421410,1305017,991139,7092839,1993731,1042661,4373936,2713917,658383,4642162,913296,3528633,973238,101757,3206313,15116675,659559,497797
201109,174201,829294,217442,1006536,3730550,1826417,1272957,1309234,3050807,1446971,1330848,1000133,7091765,1990181,1077026,4462892,2724170,661600,4672686,934657,3575578,965215,103815,3262506,15216012,654848,502775
201110,171363,833641,232264,1016368,3696924,1811212,1260848,1300733,3034413,1459517,1339892,998247,7058157,2009969,1077965,4474639,2690522,661354,4676563,930619,3542975,940640,103921,3259425,15173974,652580,504074
201111,169741,840852,249023,1005271,3725599,1869360,1268740,1333088,3067774,1507131,1358435,1003632,7115493,2022773,1095454,4505784,2719383,675204,4726516,945466,3530863,933982,103922,3286469,15244575,654240,498930
201112,174259,848371,255639,1003023,3755163,1867890,1265438,1344724,3056389,1523432,1363001,1011526,7107384,2050370,1107473,4534299,2714727,682252,4730369,957554,3533087,933061,102598,3286523,15260166,656456,504800
201201,173494,844864,261120,994932,3744322,1903741,1261667,1354740,3061533,1528770,1381539,1008624,7144026,2042910,1103437,4522969,2728230,687536,4733632,961431,3487789,933501,100066,3268310,15159683,646084,508683
201202,177169,846333,264183,990167,3749116,1940017,1258289,1366673,3093946,1557856,1406695,1016598,7180988,2080639,1119921,4543001,2753801,697322,4743920,967765,3493305,928960,99024,3300553,15183448,644973,510163
201203,177894,839036,270121,974956,3756384,1941696,1239470,1372086,3102352,1554891,1411231,1019727,7156203,2087561,1127055,4528446,2771274,689910,4741265,968569,3492697,920666,98572,3297817,15113490,635634,511775
201204,182532,822270,280367,1002016,3726461,1915140,1217462,1362051,3076494,1537362,1412451,1013298,7080227,2095995,1125645,4482639,2763248,688659,4704345,963532,3462783,927404,101241,3272111,14963149,626354,506618
201205,182325,819748,284195,1017933,3745754,1941602,1220778,1369022,3101026,1583488,1431760,1019622,7137840,2125374,1137579,4550997,2789306,699475,4777528,971947,3492814,923796,106316,3336009,15054437,618837,511638
201206,183233,806540,289138,996904,3760868,1940449,1208031,1381609,3107285,1578859,1443319,1020794,7138009,2151844,1142457,4538444,2787583,705663,4782299,967889,3467582,917987,106537,3351611,15017490,601761,511473
201207,182727,802556,291932,1041758,3748428,1948090,1196228,1384601,3108797,1570721,1473980,1025031,7131895,2154147,1149008,4540765,2792967,713134,4817156,970924,3439384,910355,107210,3354807,15108538,587846,509937
201208,181112,801756,280578,1041389,3785568,1953321,1186974,1391788,3126176,1593306,1511284,1020178,7176294,2193253,1162727,4556981,2818566,724392,4824442,967215,3460289,904101,109452,3393100,15114128,585695,512025
201209,185829,798355,275256,1032243,3827503,2002241,1185306,1399905,3119229,1589935,1531162,1014857,7175196,2188905,1163504,4540923,2832831,735619,4835205,956942,3419449,877708,108891,3375201,15046072,587915,509564
201210,188705,800010,261072,999389,3879242,2038620,1174840,1405689,3162329,1601568,1563201,1021932,7213514,2217966,1180610,4572166,2891519,752186,4868120,960748,3457896,874668,111867,3406806,15112338,589714,515732
201211,191444,800588,246608,1029104,3904347,2025988,1168604,1407939,3171341,1581291,1584088,1023217,7246204,2266054,1203848,4580202,2929879,756222,4892988,962935,3482728,865855,115035,3428854,15131071,588913,525286
201212,192231,794494,246598,1051065,3938334,2043866,1163183,1399664,3195868,1589214,1618134,1026670,7266747,2281427,1209945,4587719,2957669,764100,4892631,957389,3478035,847225,118750,3457182,15063206,590317,529218
201301,193672,791375,250519,1036606,3932905,2065389,1152069,1378303,3181778,1563125,1618657,1028608,7225971,2318608,1223444,4578716,2982021,778779,4864477,954170,3505720,826670,121914,3466227,15089297,590339,525234
201302,194916,790396,251058,1022570,3949165,2044702,1158139,1362761,3193752,1531779,1620392,1032223,7242483,2294691,1224285,4571044,2985040,780524,4891182,948981,3481217,808824,123376,3458005,15140065,590818,519522
201303,201853,805186,246571,1040209,4023841,2092370,1162578,1361201,3241183,1564211,1658348,1035949,7354200,2336860,1255402,4596451,3046532,800689,4944540,966564,3500712,804803,123988,3467167,15226632,601205,524311
201304,193590,802860,236263,1012978,4055100,2135771,1154078,1362811,3259514,1574188,1671082,1037191,7449796,2339931,1263918,4629200,3056094,815326,4968482,970394,3534130,795100,122952,3503430,15252096,604568,523310
201305,197798,799615,231797,1008949,4050951,2174448,1140565,1367408,3256212,1566836,1671912,1033693,7473445,2387363,1274648,4569682,3057047,826749,4934556,983573,3520344,795425,120658,3480804,15243931,606361,518879
201306,199068,798107,234892,978636,4079378,2229904,1131757,1378675,3277660,1573214,1681743,1029511,7571193,2381845,1290745,4586435,3065548,841510,4941141,1003673,3542822,781430,120366,3484671,15233953,617457,518637
201307,200674,796376,230054,960041,4102875,2264367,1115551,1371421,3283717,1570250,1672185,1036322,7632618,2400121,1302787,4620056,3069911,852917,4874396,1015765,3539978,783708,123425,3498161,15188152,623631,519564
201308,207877,798863,231074,921146,4124648,2325177,1099249,1375856,3286968,1568533,1675462,1035606,7662450,2390138,1320192,4632444,3085176,869876,4872352,1031423,3523419,776301,124666,3520346,15142328,628079,524596
201309,205165,796689,239774,941520,4115333,2370806,1068361,1381875,3285091,1597486,1676109,1035774,7695664,2418909,1329476,4617893,3065733,883365,4857010,1039101,3552182,771586,126746,3560547,15052442,627668,527748
201310,208655,793871,254424,938238,4155939,2445530,1062966,1394890,3298650,1626632,1682563,1040721,7776387,2429664,1339666,4594260,3036873,898688,4901878,1055214,3583218,772859,127977,3595724,15061408,632115,533991
201311,207135,788854,266416,915437,4187920,2520325,1058764,1391129,3308536,1647392,1681493,1050147,7817908,2438983,1347643,4602543,3012577,921337,4908967,1073156,3574859,772856,131446,3617303,15090796,638857,542140
201312,208564,793353,271957,867522,4197229,2572669,1056428,1400884,3301850,1656423,1676011,1040115,7841556,2453604,1355714,4583050,2981412,938132,4920371,1089911,3568555,769707,131467,3626129,15067310,639227,548195
201401,211050,793582,274357,860674,4250662,2643482,1056078,1425142,3302880,1679742,1661660,1036411,7911917,2457566,1363895,4583334,2963616,949821,4956268,1110864,3566082,771895,129653,3651191,15016522,647397,561060
201402,207229,777751,269799,850239,4224677,2669615,1037310,1411298,3274585,1674715,1638324,1028588,7860454,2462228,1360633,4533246,2915062,957491,4889142,1109601,3542145,761747,132164,3638476,14814393,645579,570064
201403,208179,764387,268465,869069,4221408,2700696,1026080,1404401,3263652,1681476,1626278,1029243,7862739,2465754,1354698,4534199,2876273,974883,4869670,1106419,3522710,759207,132200,3645344,14713753,647895,577844
201404,216734,759064,269979,829333,4251062,2720543,1018135,1400677,3266104,1674133,1638615,1040585,7865179,2479999,1346442,4567468,2852473,986182,4873597,1101325,3560886,752737,131206,3673416,14645723,658412,587678
201405,211516,744761,267992,854227,4237546,2711682,998192,1383377,3227280,1643469,1618153,1045915,7814874,2429151,1327168,4581903,2813306,985657,4843111,1081595,3546266,738742,129602,3669873,14515096,656410,591705
201406,211134,733744,256800,864561,4192761,2701624,977351,1359313,3168963,1627658,1602172,1047089,7719816,2417049,1300856,4553029,2777457,989734,4794257,1063776,3513623,723557,132038,3605146,14411604,652705,598458
201407,212295,720301,254147,824461,4195471,2728927,971101,1354319,3163063,1607865,1615308,1054815,7703967,2418195,1284624,4590899,2753576,1002708,4818334,1048364,3525249,700849,128859,3627963,14436477,653068,608542
201408,209171,702433,255234,819491,4183520,2723910,959068,1352975,3142179,1576558,1612778,1055578,7557682,2411408,1255562,4526732,2694922,1012381,4795091,1026371,3476454,682977,133194,3577098,14340295,650946,610969
201409,208896,693487,249369,799845,4168735,2703498,939207,1348198,3112672,1522940,1597790,1053046,7338113,2415202,1232051,4516664,2663276,1022452,4700304,1008858,3447884,662550,134050,3550202,14138453,653211,613371
201410,206356,681559,242625,799840,4131001,2672456,912042,1340779,3067214,1466073,1580885,1037033,7070763,2401170,1212344,4501590,2625923,1022374,4564290,981322,3377242,642696,133912,3497679,13828161,654628,612888
201411,206884,665638,235028,786017,4090742,2646463,876258,1336555,3018543,1429586,1555167,1025159,6834185,2379767,1181967,4468842,2572899,1014068,4428679,946303,3328424,618799,133447,3399123,13566323,651194,609980
201412,201310,635580,228393,792386,4068039,2618125,847495,1333342,2979917,1390998,1515778,1015176,6628689,2333163,1161527,4380447,2523256,1010571,4320064,919986,3276306,598716,132359,3325935,13283452,652179,609103
201501,204505,612327,213787,803112,4021409,2570220,828840,1329632,2969669,1355769,1513730,1007410,6468340,2295470,1140402,4340187,2470044,1006663,4234996,894895,3242122,583398,133183,3268011,13139739,644045,609576
201502,203874,593621,214179,813720,3984521,2562874,810657,1342536,2943192,1341905,1509942,1002843,6359385,2267025,1120796,4334715,2434070,1008748,4165597,883901,3242955,571539,129687,3239900,13064137,634711,612244
201503,199043,568881,210526,749834,3879651,2526259,783000,1335724,2843414,1296902,1473535,990815,6071289,2220586,1085625,4293778,2358294,993535,4051311,865802,3226211,549754,130775,3202049,12799529,618854,607609
201504,195027,547956,204260,746501,3819855,2515465,763978,1337172,2789713,1278805,1439843,979756,5886229,2184405,1073357,4238900,2300734,987997,3932129,862449,3144016,533207,131779,3131664,12563397,600209,609214
201505,193756,533516,199644,715610,3808131,2519255,750895,1338709,2767932,1269272,1439065,973061,5704685,2166963,1060384,4216117,2255146,994205,3848172,859028,3086167,526465,131260,3088387,12390325,600725,615923
201506,190471,524491,199180,712101,3768635,2501323,733536,1344991,2728415,1262181,1419872,959559,5518001,2145842,1053251,4142012,2204822,985037,3747673,852247,3049344,514942,129002,3083488,12129389,599407,612271
201507,188084,521166,198232,705981,3714174,2482421,717044,1351637,2676182,1251934,1392169,945825,5332223,2126623,1047693,4078400,2186828,972309,3637990,853506,3038904,500759,130519,3044535,11863853,596613,609717
201508,183368,516678,191948,701108,3645352,2450163,697858,1331190,2615181,1232259,1362953,952551,5199691,2091701,1041059,4102432,2169113,957117,3483469,851445,3046787,485608,125010,3036249,11716805,592892,610560
201509,180479,505577,181878,676876,3582429,2425224,682360,1327293,2566322,1214741,1331831,944049,5173741,2055221,1030832,4022067,2141744,939851,3372466,846085,3007533,474188,123672,2972702,11532995,584212,609425
201510,174079,491512,177655,668719,3491290,2392517,661455,1320652,2512321,1201730,1297017,946590,5146970,2017754,1014251,3986370,2105065,929360,3274801,839258,2990317,454189,121692,2943665,11402216,568745,602214
201511,168058,474209,174906,640523,3388905,2341390,640685,1307745,2434481,1178352,1261825,937787,5076811,1996334,988952,3901390,2062741,919041,3163582,830827,2940892,442426,119298,2916672,11121277,554313,588616
201512,166320,470531,173957,632482,3316794,2330690,626309,1295143,2388333,1168767,1256369,951538,5049254,1985899,972341,3943651,2049742,915226,3088521,827123,2939582,434010,117689,2926007,11077658,545819,580422
201601,158694,471877,175894,617787,3295415,2328004,617697,1290093,2358572,1156877,1244217,952850,5016562,1962020,961736,3941026,2040571,908795,3021166,822906,2923687,430693,117838,2922696,10981732,545010,577347
201602,158950,472085,172472,615813,3286068,2335023,611799,1283308,2335733,1153572,1232805,953937,4991006,1947432,949881,3938597,2050994,910644,2959086,814788,2889807,428298,116927,2905167,10779784,546638,573943
201603,154231,464124,167527,624507,3244766,2282450,599926,1262526,2323056,1127470,1211555,949190,4990152,1912424,927314,3894627,2028092,894167,2876891,798615,2832230,423135,112637,2878321,10690768,541851,565162
201604,153015,461970,168815,648635,3212469,2247784,596767,1253194,2312406,1119021,1200654,948053,4943340,1887772,912139,3882706,2036766,891299,2800419,786085,2824230,420215,109961,2877535,10647583,543087,559653
201605,150805,454578,166963,612011,3140454,2195921,585446,1234037,2276569,1099706,1178557,932652,4916071,1854235,893908,3813621,2009467,876673,2702056,766409,2798969,414249,109104,2848125,10425067,529361,546686
201606,152424,442173,164427,619133,3131059,2168448,581349,1218325,2282205,1089543,1173977,932966,4867747,1827719,877924,3828246,1992539,875660,2608864,753062,2767778,411155,107231,2848947,10369439,520948,543344
201607,151690,426380,166203,649842,3121452,2134793,575970,1194499,2268204,1081044,1163807,923940,4836870,1788203,865319,3794748,1958879,871553,2523023,731458,2717191,411454,108107,2823620,10288020,509936,532431
201608,151017,407871,164687,665908,3089725,2105377,565347,1172208,2249962,1069546,1156809,907844,4820873,1753734,842111,3766721,1911745,865291,2445755,708512,2709225,406875,106040,2814859,10145963,499709,521802
201609,150765,395962,163653,663477,3083428,2092546,568095,1153008,2263074,1058705,1169121,903823,4849709,1715042,828575,3803317,1885267,860933,2397851,697938,2715706,408912,104031,2852077,10135557,493978,514700
201610,151110,386952,154116,664981,3085956,2083653,570833,1129382,2258502,1044825,1174197,896387,4887195,1669388,817094,3817566,1869842,854255,2368571,692529,2731157,414816,103769,2848196,10100611,488027,509641
201611,151502,381540,149367,670704,3104916,2090338,580067,1115160,2278991,1028860,1194440,889713,4891048,1619213,810638,3810657,1860155,849280,2337873,681836,2722944,414428,100041,2870175,10047564,488116,512654
201612,149967,371694,141047,665682,3101091,2066437,586277,1108946,2294363,999396,1207865,876644,4923943,1582481,797572,3774645,1841312,840147,2312510,664340,2712494,413645,100654,2883852,9977275,482404,510062
201701,150491,362791,135021,687211,3063300,2035158,584646,1097369,2270346,971921,1220058,870341,4898010,1564940,786338,3764518,1813941,831356,2284918,646482,2703746,406814,99723,2891489,9918501,473789,500270
201702,153199,354116,133975,660657,3060106,2011627,586387,1094944,2278439,949175,1233288,860256,4938444,1541101,778305,3727313,1781067,818665,2273041,631609,2707182,402320,98400,2890012,9952893,471167,491998
201703,153038,348615,133458,631611,3070293,1990875,594315,1091072,2284761,926768,1254439,854374,4904782,1505199,773182,3744796,1764031,804268,2243885,611688,2722646,395979,94624,2912426,9922375,467492,480633
201704,153217,336124,129811,589643,3025819,1953345,589822,1078314,2271263,900136,1258386,844308,4887226,1465413,756375,3721419,1713952,775523,2208377,586217,2700245,388498,93930,2903586,9853986,448923,468594
201705,152824,331808,128676,595678,3045144,1945800,594901,1074480,2288329,886279,1274184,855499,4918845,1436024,750633,3775602,1700881,761915,2196285,574219,2727991,383575,92881,2938519,9952365,439857,461494
201706,148509,325322,126324,557952,2969930,1893618,583024,1055086,2237400,847363,1255026,842070,4863777,1388932,736343,3716928,1661896,732055,2151044,549833,2694053,370109,89952,2887766,9728517,425741,441940
201707,149694,330721,122529,497467,3001668,1872363,587545,1078764,2275562,827965,1290639,852634,5022433,1388411,737202,3787925,1675464,718706,2211910,544348,2735528,368041,86152,2942377,9887336,420897,440473
201708,149013,335029,121905,469666,3012576,1845506,585772,1097780,2276568,800247,1293236,855975,5150461,1384645,735700,3786793,1676500,695902,2252269,537683,2685836,366285,84437,2938975,9831787,412881,431775
201709,148936,339963,120361,443168,3027736,1828631,585336,1104712,2270280,787497,1309612,862490,5191293,1381914,730677,3771624,1683663,684269,2281294,526465,2678059,363022,82756,2939617,9807420,405619,425004
201710,148336,339657,121689,428437,3016525,1797596,584401,1116828,2274530,772847,1317832,855704,5241080,1385141,718220,3723583,1663200,667365,2306005,507527,2630028,363439,83598,2929678,9785071,400126,419531
201711,148969,342789,123261,410293,3015258,1775099,578395,1132569,2274612,767664,1325134,856618,5378978,1400024,715355,3729796,1665696,655832,2352160,500331,2673098,369930,84833,2958122,9887101,389587,410688
201712,150810,344201,123303,403471,3013574,1775013,571457,1139710,2267622,765482,1316524,863368,5431983,1403363,713106,3764138,1659293,648279,2376226,495273,2677466,372061,83538,2972963,9942393,380460,403487
201801,148696,340278,123347,350177,2990152,1758900,571130,1146390,2282903,750012,1316386,869680,5509999,1375281,707565,3773354,1645004,626223,2391212,485012,2665575,376138,83012,2976485,10001077,372210,396438
201802,146770,342675,121589,358175,3013244,1750240,572925,1161061,2285546,755854,1322711,883534,5580460,1374810,712979,3821928,1650132,623677,2438743,488372,2670588,383476,85805,3010183,10097644,367125,394035
201803,148231,346233,121162,379179,3039221,1765790,574124,1185589,2294850,762396,1332411,888614,5736054,1385478,714371,3815162,1647263,629701,2487346,494274,2686949,385065,93747,3022054,10143854,364070,401888
201804,146587,347428,120406,392909,3039369,1756737,573127,1186935,2290766,758061,1340323,884611,5779231,1384049,711442,3786410,1634219,631852,2519915,492673,2681851,389851,96882,3028007,10078755,365644,401901
201805,148004,352099,119502,397287,3052771,1750259,572068,1195616,2286009,749989,1348049,888234,5869083,1379375,715491,3768429,1633874,627641,2581428,493745,2689156,397950,100432,3054980,10110642,367884,399922
201806,150376,366491,119441,414833,3142694,1767682,590366,1220110,2333880,758657,1384034,905456,6065631,1391715,727703,3821848,1663024,640227,2675433,506877,2709887,409450,106236,3127120,10403375,373120,410243
201807,148099,360965,118101,434261,3070455,1746824,586845,1200211,2282713,752211,1367649,893139,5998141,1353424,711152,3756797,1625241,639082,2648371,499450,2685449,409755,107092,3097755,10216869,370342,403960
201808,149724,363278,117577,449248,3079957,1751566,599375,1200205,2310332,758399,1378113,896627,6045148,1339760,713123,3762168,1621550,654106,2680181,508950,2725026,411836,110855,3138684,10319054,368162,404931
201809,150698,363874,119195,479428,3068735,1738747,604648,1197810,2313058,755727,1380278,891652,6096646,1315777,711125,3773400,1603425,659607,2695355,514736,2730139,412843,113234,3160157,10384715,366890,406184
201810,151682,368688,122236,487268,3095389,1723132,611530,1193447,2317328,753266,1399511,901216,6114363,1307438,714863,3787506,1604246,668768,2688141,525882,2758853,406726,113188,3208822,10442409,375740,400550
201811,152846,378318,121501,498682,3146769,1719129,625198,1182547,2341201,751390,1421777,910306,6169144,1291548,732544,3839253,1637459,680036,2706728,541541,2740620,401671,116378,3243727,10525474,389416,399904
201812,153457,386513,119636,510162,3189073,1703325,633845,1158670,2357921,755795,1441700,909864,6259917,1278411,749914,3826625,1657668,684900,2715619,551747,2731638,401604,119003,3246452,10537461,400905,402389
201901,153806,395359,120153,533444,3245585,1701230,637028,1139906,2367716,774045,1446064,902144,6256450,1290928,769080,3786974,1690846,702437,2715843,563293,2753564,399441,121120,3258027,10458276,409903,402932
201902,142618,362971,110462,490713,2954157,1549629,588038,1028529,2188798,703385,1343379,825096,5754961,1180224,701027,3463969,1540863,645295,2483234,517212,2527017,366882,111212,3005327,9598044,373336,371317
201903,132237,332593,103084,454687,2704727,1420092,543312,929915,2026862,652589,1247235,759436,5294262,1088586,645796,3172516,1417380,599012,2287870,478509,2298517,341972,100489,2759181,8824437,342487,341042
201904,124157,301952,96114,420078,2463115,1314856,498821,835893,1853070,604755,1145038,693991,4848679,997842,592073,2872313,1292276,555622,2082180,442472,2074621,313259,89864,2503308,8034291,311466,311474
201905,113003,269615,88502,379291,2210812,1204021,454920,744347,1676443,559428,1038326,615896,4339408,915734,534616,2555255,1162643,514798,1850826,404042,1840489,280599,79271,2230009,7147362,280029,284534
201906,100495,233210,80060,339468,1928900,1076096,399901,648673,1468452,505396,914269,534898,3806806,818244,471861,2241113,1024410,459735,1614115,359571,1632903,248964,68590,1959091,6205762,248496,248624
201907,88369,210711,71225,299511,1728687,948958,348959,559746,1282668,444739,789644,465483,3305901,721441,423713,1939235,914753,403261,1398755,321687,1404320,213822,60703,1702486,5388461,222065,214670
201908,73873,182750,59974,247463,1458176,791830,284967,454058,1048492,377489,656528,378137,2717406,602754,361523,1580438,785944,335128,1140740,270102,1169755,177403,50952,1398960,4431172,196087,176687
201909,57150,150372,48632,193896,1176710,627390,220840,349347,821496,306716,512218,295249,2128057,492993,299304,1224269,645536,266486,895870,215796,920236,137103,41298,1099676,3452182,166227,136641
201910,41897,117790,35522,147657,891175,487092,160018,251817,603355,239706,371861,215962,1584075,372805,237975,908081,510902,201745,670460,163285,690150,101610,31876,815126,2545226,127182,103994
201911,25366,75087,22327,96591,562916,318685,94836,152166,368416,158578,219092,134107,970001,241185,155987,561867,321862,130476,417611,103813,457014,63121,20716,507550,1564278,81969,64929
201912,10160,36503,12274,44907,264838,155070,43554,75456,168797,76841,95054,56612,412582,115811,76646,238466,155456,62845,190993,49791,223214,27530,10225,226233,692232,39732,28749
