data,AC,AL,AM,AP,BA,CE,DF,ES,GO,MA,MG,MS,MT,PA,PB,PE,PI,PR,RJ,RN,RO,RR,RS,SC,SE,SP,TO
199001,1450.0,27421.0,21819.0,275.0,98829.0,47569.0,32020.0,52437.0,57264.0,28751.0,255956.0,32813.0,32458.0,45604.0,27327.0,92760.0,13277.0,142103.0,221533.0,19353.0,9903.0,2040.0,138590.0,91667.0,23721.0,639210.0,3258.0
199002,938.0,20324.0,22683.0,1000.0,79133.0,42856.0,31612.0,36737.0,65472.0,24366.0,206597.0,21638.0,27017.0,38933.0,21417.0,66711.0,12306.0,125305.0,183828.0,15043.0,8953.0,2029.0,89165.0,65132.0,14096.0,593101.0,2958.0
199003,1160.0,18584.0,13819.0,1100.0,72574.0,22004.0,37038.0,40234.0,58816.0,16284.0,218373.0,17629.0,20231.0,20405.0,17957.0,56990.0,9224.0,112970.0,182124.0,10654.0,6200.0,2367.0,109681.0,75893.0,14728.0,573829.0,3735.0
199004,0.0,20972.0,16168.0,1000.0,77964.0,29635.0,32340.0,40937.0,56475.0,8381.0,228031.0,21144.0,21451.0,13417.0,21016.0,62056.0,5075.0,113938.0,172505.0,11015.0,3774.0,751.0,108513.0,78178.0,15560.0,549760.0,2866.0
199005,1643.0,30874.0,22104.0,2015.0,102595.0,45320.0,34414.0,53728.0,73296.0,23677.0,275857.0,26482.0,31869.0,35293.0,29455.0,92525.0,9321.0,146154.0,241736.0,10916.0,11742.0,1774.0,138613.0,95485.0,19020.0,676138.0,7227.0
199006,1964.0,27272.0,23438.0,2470.0,99920.0,40950.0,39601.0,50020.0,79295.0,22617.0,297139.0,28114.0,32609.0,41176.0,40058.0,85199.0,13757.0,144920.0,240338.0,12740.0,11530.0,2926.0,129918.0,88670.0,17487.0,699423.0,5972.0
199007,3201.0,28390.0,26307.0,2955.0,107142.0,27262.0,46122.0,61233.0,89991.0,29391.0,314310.0,33376.0,34614.0,46660.0,57411.0,79855.0,17594.0,147339.0,248346.0,13639.0,18653.0,2275.0,150889.0,103680.0,20707.0,741590.0,8220.0
199008,2160.0,29769.0,31642.0,2050.0,103203.0,48843.0,48087.0,57300.0,90314.0,22992.0,312406.0,33823.0,31166.0,48018.0,40662.0,87198.0,13027.0,173660.0,261872.0,19977.0,15664.0,2425.0,163171.0,117419.0,21485.0,754077.0,7364.0
199009,1586.0,26382.0,22546.0,2950.0,108840.0,45739.0,48230.0,58115.0,83691.0,23302.0,322199.0,31333.0,30918.0,40892.0,27701.0,78153.0,12008.0,146471.0,248041.0,21224.0,11225.0,1542.0,125306.0,97397.0,27841.0,759340.0,7242.0
199010,345.0,26039.0,21388.0,2930.0,116245.0,51587.0,39902.0,57249.0,75459.0,22298.0,290948.0,29733.0,29062.0,43088.0,28738.0,86954.0,11827.0,154868.0,251829.0,20347.0,14589.0,3064.0,136306.0,98156.0,24787.0,737145.0,6725.0
199011,133.0,27974.0,21923.0,2049.0,105032.0,46405.0,33216.0,50230.0,70764.0,22264.0,262856.0,21254.0,26353.0,37728.0,27883.0,73879.0,11500.0,134361.0,231208.0,23190.0,13961.0,2038.0,126112.0,88631.0,21628.0,652475.0,5767.0
199012,1980.0,29312.0,17334.0,2972.0,104735.0,52935.0,33634.0,42441.0,66608.0,23184.0,230041.0,21362.0,22876.0,36887.0,29423.0,83452.0,8664.0,129195.0,217888.0,21880.0,8050.0,2901.0,123406.0,77739.0,22372.0,620353.0,5419.0
199101,1841.0,23059.0,20044.0,2208.0,89134.0,46918.0,35356.0,47854.0,60221.0,19275.0,215154.0,24276.0,26430.0,34332.0,27170.0,70115.0,8583.0,137572.0,229769.0,21238.0,10963.0,1914.0,133455.0,80581.0,21172.0,641424.0,4789.0
199102,1401.0,24554.0,15066.0,379.0,76916.0,30664.0,28061.0,42334.0,58904.0,12590.0,209109.0,21473.0,19419.0,26275.0,22140.0,62881.0,5177.0,120587.0,188264.0,19714.0,8741.0,1505.0,117969.0,76520.0,15355.0,545432.0,4447.0
199103,1908.0,28653.0,17933.0,1464.0,91921.0,40246.0,27270.0,48910.0,60099.0,15686.0,243308.0,25329.0,22162.0,33144.0,26485.0,80510.0,6221.0,138896.0,231697.0,18318.0,8969.0,2000.0,137200.0,91569.0,17365.0,614464.0,5385.0
199104,2411.0,28548.0,20209.0,798.0,103965.0,45867.0,32152.0,57050.0,68453.0,17087.0,295294.0,29122.0,26487.0,42266.0,24290.0,84333.0,6838.0,157274.0,265966.0,15497.0,9301.0,2258.0,142663.0,94622.0,20113.0,706004.0,3904.0
199105,2450.0,23963.0,21554.0,1675.0,104283.0,47682.0,41606.0,53520.0,75307.0,13419.0,295055.0,33735.0,26784.0,40351.0,24695.0,72652.0,3596.0,161300.0,261456.0,17365.0,10374.0,3251.0,139282.0,103026.0,17880.0,747269.0,11026.0
199106,4079.0,21799.0,24655.0,2942.0,88801.0,46928.0,48467.0,47464.0,83768.0,20679.0,311588.0,35033.0,32408.0,40566.0,23954.0,56920.0,10631.0,151513.0,246884.0,13242.0,11996.0,2551.0,135390.0,90525.0,14699.0,752334.0,11358.0
199107,4147.0,26149.0,22014.0,3750.0,105484.0,62700.0,47516.0,54003.0,87518.0,18727.0,347023.0,37285.0,26724.0,42091.0,26654.0,62909.0,6260.0,175463.0,306567.0,16253.0,13123.0,2502.0,155001.0,105946.0,16907.0,830082.0,12137.0
199108,2392.0,23653.0,22029.0,2489.0,109806.0,65644.0,56191.0,60117.0,88893.0,20821.0,345403.0,38619.0,30153.0,41439.0,31446.0,79201.0,5940.0,182412.0,277275.0,14258.0,14958.0,4601.0,142295.0,106858.0,17856.0,842100.0,12027.0
199109,2990.0,23759.0,24394.0,3067.0,106008.0,61426.0,53613.0,52201.0,88818.0,17442.0,334377.0,36483.0,31878.0,38506.0,33636.0,82513.0,5023.0,168299.0,257453.0,18886.0,10718.0,1502.0,160654.0,103955.0,18382.0,780963.0,14175.0
199110,2643.0,29865.0,24158.0,4125.0,112779.0,62419.0,45907.0,57502.0,89883.0,16089.0,328602.0,29835.0,28227.0,34166.0,31802.0,84740.0,4248.0,164553.0,254449.0,20908.0,16462.0,3700.0,151835.0,97543.0,19687.0,791012.0,9871.0
199111,2232.0,26268.0,22913.0,3690.0,95442.0,61979.0,47857.0,52428.0,76791.0,18395.0,258402.0,26875.0,24927.0,32945.0,27514.0,67743.0,5622.0,144428.0,254046.0,22029.0,6808.0,1776.0,127165.0,88013.0,21865.0,684244.0,7160.0
199112,455.0,25081.0,22537.0,3844.0,90824.0,57967.0,40462.0,48015.0,58335.0,16047.0,249327.0,21201.0,19653.0,31593.0,30658.0,82609.0,5334.0,118812.0,218217.0,22991.0,4861.0,0.0,125376.0,81246.0,19459.0,606754.0,5154.0
199201,683.0,23986.0,17187.0,3477.0,81770.0,65807.0,39837.0,42884.0,68807.0,17396.0,205819.0,27068.0,27867.0,30506.0,24624.0,72184.0,2899.0,145969.0,216158.0,23511.0,7778.0,500.0,123626.0,90897.0,20559.0,608709.0,4987.0
199202,3750.0,19716.0,16352.0,2771.0,67101.0,46788.0,35572.0,40577.0,57425.0,11253.0,183468.0,18678.0,20921.0,25083.0,25570.0,63563.0,4112.0,133746.0,210691.0,15924.0,5671.0,0.0,111175.0,77028.0,17867.0,579121.0,4245.0
199203,436.0,18346.0,12420.0,2911.0,81893.0,46402.0,39602.0,44687.0,61084.0,12978.0,247080.0,23059.0,17129.0,26618.0,21464.0,56463.0,1825.0,132314.0,210039.0,12214.0,5402.0,2338.0,123255.0,93309.0,20331.0,650926.0,5451.0
199204,747.0,18275.0,12681.0,4331.0,83198.0,42620.0,39868.0,42691.0,54933.0,16426.0,231754.0,21306.0,22920.0,21761.0,20827.0,58902.0,4369.0,126755.0,192508.0,14212.0,6761.0,600.0,107925.0,84023.0,17562.0,601831.0,6542.0
199205,2893.0,19135.0,14915.0,4386.0,85394.0,43928.0,42426.0,44406.0,60537.0,21023.0,233234.0,22512.0,22351.0,22374.0,22141.0,55392.0,5413.0,126725.0,198313.0,13968.0,6219.0,0.0,117550.0,86292.0,21106.0,640658.0,7359.0
199206,1197.0,17460.0,19368.0,3814.0,81137.0,47251.0,48256.0,44117.0,59744.0,24809.0,230228.0,25250.0,24669.0,27413.0,21583.0,54722.0,6014.0,135245.0,203607.0,15647.0,8848.0,395.0,112479.0,96407.0,19603.0,624456.0,6890.0
199207,1577.0,19658.0,20205.0,6455.0,86094.0,54783.0,57013.0,47946.0,74176.0,25468.0,264895.0,28110.0,31689.0,32890.0,22246.0,62470.0,8403.0,148054.0,231780.0,16022.0,8669.0,3106.0,134056.0,97684.0,21402.0,669060.0,8103.0
199208,1596.0,19655.0,15430.0,4306.0,90426.0,57706.0,56653.0,51646.0,74282.0,24575.0,260761.0,27646.0,26173.0,29719.0,25871.0,71096.0,9000.0,149144.0,238018.0,17160.0,8086.0,3226.0,121029.0,100096.0,21492.0,667813.0,8645.0
199209,1916.0,20255.0,19987.0,5185.0,89117.0,57783.0,58663.0,44872.0,70879.0,20072.0,244158.0,22003.0,30622.0,31783.0,24794.0,65527.0,7445.0,139200.0,234479.0,15766.0,8658.0,2852.0,124907.0,98873.0,23820.0,638526.0,9131.0
199210,2240.0,19652.0,19554.0,6440.0,100528.0,56371.0,55412.0,39197.0,65001.0,18139.0,214725.0,26189.0,24870.0,30565.0,26125.0,67649.0,6714.0,146621.0,224961.0,14356.0,7478.0,400.0,129158.0,103047.0,22596.0,604419.0,8706.0
199211,685.0,22649.0,24718.0,5384.0,99174.0,63780.0,49773.0,39211.0,57501.0,20328.0,210644.0,20961.0,25582.0,36208.0,26238.0,63266.0,6948.0,140881.0,212687.0,15723.0,7534.0,70.0,127662.0,95025.0,20966.0,577173.0,8510.0
199212,427.0,25737.0,18526.0,6231.0,88769.0,61595.0,47157.0,38272.0,60240.0,20672.0,211462.0,25394.0,25388.0,37117.0,31742.0,72083.0,7929.0,146027.0,216685.0,17216.0,6219.0,300.0,131762.0,83501.0,21414.0,567680.0,7537.0
199301,519.0,18607.0,15137.0,5089.0,105211.0,57936.0,54082.0,41701.0,66611.0,18359.0,220640.0,25579.0,26722.0,37660.0,21892.0,63057.0,10275.0,146150.0,216628.0,12413.0,8740.0,1579.0,109936.0,81047.0,17558.0,603403.0,7555.0
199302,1692.0,15650.0,11590.0,4000.0,85103.0,33044.0,50587.0,35484.0,51548.0,15264.0,185533.0,20683.0,17567.0,22359.0,21232.0,50920.0,8770.0,144496.0,188720.0,13512.0,6193.0,1484.0,114187.0,74503.0,14075.0,513273.0,6589.0
199303,1510.0,24592.0,18516.0,2681.0,99970.0,45886.0,60626.0,44887.0,70651.0,13499.0,256943.0,23961.0,28039.0,33558.0,28506.0,69462.0,8517.0,183724.0,234125.0,15430.0,9439.0,1900.0,139694.0,96112.0,19888.0,686311.0,7645.0
199304,1649.0,20110.0,16609.0,5692.0,93323.0,40599.0,56901.0,36513.0,64544.0,14325.0,229101.0,24268.0,23075.0,29086.0,23134.0,69914.0,10232.0,187576.0,206095.0,12419.0,9195.0,1742.0,114449.0,87607.0,18778.0,583072.0,6785.0
199305,1570.0,13912.0,19403.0,4022.0,104046.0,38303.0,62311.0,38650.0,69377.0,13778.0,249853.0,28077.0,24794.0,26473.0,20157.0,59986.0,11142.0,205720.0,222356.0,11798.0,9014.0,2588.0,124728.0,93068.0,14779.0,622720.0,9626.0
199306,1840.0,15900.0,26147.0,4586.0,80909.0,42716.0,63308.0,40838.0,73918.0,14464.0,253105.0,25260.0,26907.0,28341.0,19296.0,53379.0,10342.0,234441.0,233851.0,15348.0,8976.0,2620.0,117689.0,96253.0,14819.0,640199.0,9900.0
199307,2157.0,16059.0,19653.0,5823.0,95448.0,55542.0,66132.0,43993.0,72368.0,17920.0,264935.0,26449.0,30751.0,32866.0,22221.0,58222.0,10143.0,183121.0,239801.0,13190.0,8151.0,1721.0,107198.0,102859.0,17554.0,652322.0,9195.0
199308,1267.0,17159.0,20212.0,5235.0,100304.0,56760.0,60969.0,42763.0,71002.0,15602.0,279407.0,31177.0,27669.0,32340.0,22581.0,66481.0,11866.0,179508.0,218508.0,13742.0,7776.0,1722.0,114031.0,88295.0,17241.0,628284.0,9176.0
199309,1761.0,21874.0,24880.0,5620.0,98212.0,49999.0,60263.0,43343.0,79076.0,17646.0,242664.0,32110.0,31359.0,33077.0,27183.0,73097.0,13532.0,138555.0,203007.0,13892.0,7831.0,1876.0,117556.0,86404.0,18583.0,621048.0,11094.0
199310,2049.0,20202.0,28070.0,4269.0,100404.0,55156.0,60166.0,42032.0,83358.0,17644.0,241921.0,31279.0,36570.0,32908.0,28643.0,82717.0,12847.0,145850.0,222712.0,15021.0,8101.0,1975.0,113165.0,84812.0,17866.0,608425.0,10798.0
199311,1669.0,21461.0,22143.0,4585.0,115480.0,60785.0,52560.0,42112.0,79070.0,17699.0,238562.0,28323.0,35788.0,37620.0,25303.0,69927.0,14392.0,160083.0,214422.0,18146.0,8118.0,2880.0,117249.0,88701.0,18056.0,592070.0,11681.0
199312,2005.0,19078.0,24741.0,3960.0,112780.0,47754.0,51794.0,43410.0,71234.0,17914.0,219106.0,31913.0,28028.0,44100.0,30554.0,69083.0,15849.0,134160.0,210225.0,13745.0,8399.0,1601.0,130422.0,88548.0,19304.0,588702.0,9332.0
199401,1765.0,21593.0,18396.0,5171.0,107601.0,32371.0,42566.0,43354.0,63643.0,16892.0,214949.0,28921.0,29087.0,38889.0,58543.0,58227.0,16116.0,141417.0,196016.0,14516.0,8254.0,0.0,134757.0,80517.0,17624.0,596130.0,9845.0
199402,1628.0,11364.0,15750.0,3210.0,78598.0,22748.0,51142.0,38894.0,61166.0,14344.0,202678.0,27634.0,24030.0,34095.0,37130.0,45247.0,11108.0,121119.0,182843.0,14739.0,7805.0,0.0,115366.0,75329.0,13572.0,542832.0,8183.0
199403,1400.0,17671.0,16463.0,2958.0,108601.0,28762.0,49059.0,39699.0,61889.0,11625.0,224623.0,30224.0,25008.0,29616.0,44021.0,62253.0,8974.0,149076.0,206116.0,17963.0,6153.0,1105.0,131683.0,85799.0,15834.0,610083.0,6869.0
199404,1713.0,14407.0,14258.0,3051.0,65683.0,26953.0,47204.0,37643.0,62191.0,12747.0,218268.0,26773.0,20857.0,24700.0,15713.0,48984.0,6538.0,117560.0,179758.0,15825.0,8171.0,2125.0,117669.0,79631.0,10615.0,531758.0,7623.0
199405,1516.0,15535.0,15742.0,2910.0,91873.0,42311.0,50903.0,43420.0,69166.0,14144.0,265865.0,36095.0,33229.0,31852.0,19409.0,54662.0,9214.0,142957.0,220107.0,17797.0,6981.0,1471.0,132931.0,79524.0,15381.0,619164.0,11229.0
199406,1363.0,14669.0,17673.0,2438.0,90403.0,38221.0,56151.0,39529.0,84008.0,12487.0,236010.0,36065.0,36905.0,38789.0,18286.0,53656.0,12708.0,137128.0,201862.0,13461.0,7567.0,1375.0,132641.0,83345.0,15732.0,567272.0,11132.0
199407,1504.0,16385.0,15535.0,2041.0,76363.0,43811.0,45388.0,40321.0,67594.0,13758.0,232719.0,26867.0,28644.0,39169.0,19481.0,51506.0,12142.0,139078.0,201692.0,13664.0,6909.0,501.0,112407.0,72929.0,10263.0,549168.0,10238.0
199408,1612.0,18634.0,21886.0,3354.0,96110.0,48349.0,60770.0,48327.0,90084.0,17004.0,285711.0,34860.0,42986.0,41686.0,26100.0,53863.0,13204.0,144455.0,242981.0,17239.0,8018.0,420.0,149773.0,89754.0,16406.0,668665.0,12450.0
199409,1833.0,19636.0,22241.0,3154.0,120536.0,62502.0,68090.0,55846.0,110934.0,11818.0,332921.0,37526.0,52030.0,45644.0,27357.0,69798.0,12933.0,179291.0,276662.0,17936.0,7248.0,1748.0,160147.0,107358.0,19224.0,759155.0,14469.0
199410,2008.0,21738.0,27842.0,3236.0,122368.0,50953.0,49910.0,46866.0,94217.0,16422.0,309974.0,32632.0,46751.0,45342.0,27332.0,69980.0,13310.0,161773.0,236975.0,19532.0,7427.0,1181.0,143113.0,83737.0,17672.0,646912.0,13980.0
199411,2942.0,24213.0,20896.0,4893.0,121609.0,61261.0,48192.0,47151.0,83294.0,29038.0,289567.0,30911.0,43464.0,47475.0,31224.0,69827.0,15235.0,164467.0,242712.0,27073.0,6558.0,4042.0,145179.0,84164.0,18296.0,643198.0,15755.0
199412,2620.0,24010.0,15330.0,4210.0,112864.0,72230.0,48315.0,42584.0,82335.0,22631.0,274144.0,33486.0,34310.0,45690.0,34863.0,80782.0,16080.0,151312.0,234389.0,23931.0,6469.0,1718.0,136952.0,90190.0,23139.0,604533.0,10701.0
199501,2296.0,23083.0,13700.0,4042.0,123307.0,66777.0,51435.0,42463.0,79020.0,26154.0,278539.0,32483.0,38729.0,41156.0,32162.0,79511.0,15077.0,126486.0,221423.0,19844.0,6733.0,0.0,136196.0,87752.0,19397.0,634961.0,10712.0
199502,1732.0,19589.0,11118.0,3769.0,85054.0,49194.0,39219.0,35566.0,68947.0,17401.0,223197.0,28290.0,28011.0,33739.0,24549.0,56980.0,8913.0,127915.0,180547.0,21763.0,7150.0,2400.0,136038.0,71686.0,18328.0,520871.0,9654.0
199503,2097.0,24093.0,17396.0,2660.0,110333.0,48737.0,51280.0,46435.0,82890.0,16560.0,280037.0,38551.0,41232.0,40733.0,32681.0,81614.0,12514.0,161248.0,244643.0,24530.0,8498.0,1860.0,155693.0,87642.0,20726.0,740956.0,9359.0
199504,1387.0,15932.0,15758.0,2869.0,86977.0,30772.0,37060.0,35842.0,65945.0,11168.0,240190.0,28982.0,25164.0,33483.0,19724.0,60113.0,6799.0,168565.0,204474.0,18050.0,8932.0,1680.0,133917.0,71934.0,15529.0,650966.0,7795.0
199505,1957.0,15963.0,15642.0,3341.0,101849.0,39562.0,45483.0,48904.0,74792.0,13302.0,293190.0,38136.0,36615.0,37072.0,22068.0,61543.0,9555.0,203491.0,239546.0,17654.0,7533.0,2765.0,162075.0,81717.0,16745.0,811718.0,9225.0
199506,2913.0,14231.0,13745.0,4352.0,83271.0,45944.0,45152.0,48962.0,78533.0,11923.0,292397.0,35051.0,28034.0,32671.0,20843.0,53150.0,10835.0,217001.0,262005.0,17714.0,7194.0,2020.0,145320.0,80841.0,12611.0,767135.0,10886.0
199507,2073.0,16378.0,14661.0,4788.0,90935.0,48368.0,45481.0,53939.0,82574.0,15288.0,307627.0,33815.0,26269.0,37122.0,21030.0,65103.0,10297.0,204163.0,258944.0,16454.0,7424.0,3507.0,123449.0,79783.0,11725.0,784428.0,11713.0
199508,2408.0,16866.0,15596.0,5333.0,103510.0,40525.0,44265.0,52008.0,86044.0,15325.0,317776.0,38069.0,26289.0,37444.0,24072.0,73050.0,11040.0,231111.0,266891.0,20747.0,7007.0,4591.0,134837.0,88571.0,15472.0,818312.0,12705.0
199509,1912.0,16919.0,14537.0,3312.0,98818.0,42073.0,45017.0,59726.0,83933.0,15069.0,318656.0,33871.0,23239.0,33978.0,22396.0,62475.0,12984.0,215604.0,254542.0,18859.0,7950.0,2827.0,133774.0,84069.0,13733.0,818766.0,13776.0
199510,2644.0,19499.0,14429.0,4861.0,106533.0,41654.0,46326.0,60757.0,90226.0,14033.0,325513.0,33298.0,29283.0,45242.0,26403.0,67127.0,12746.0,226770.0,273998.0,17997.0,8050.0,2040.0,138520.0,89526.0,20000.0,825065.0,13878.0
199511,2434.0,19887.0,13951.0,4709.0,96997.0,50784.0,45586.0,56388.0,86260.0,14851.0,312567.0,38868.0,34985.0,47254.0,30104.0,75216.0,15242.0,234818.0,268505.0,17300.0,8837.0,3869.0,142399.0,83072.0,17297.0,822660.0,14703.0
199512,2051.0,22828.0,15697.0,3793.0,92822.0,47812.0,47166.0,61355.0,75606.0,12730.0,280175.0,32792.0,33019.0,52935.0,30215.0,66635.0,14026.0,214137.0,269829.0,15366.0,8281.0,5059.0,137535.0,72693.0,19749.0,772800.0,13269.0
199601,2521.0,24684.0,13818.0,4740.0,104172.0,60456.0,50782.0,62727.0,83084.0,21669.0,315265.0,27686.0,30734.0,49543.0,32909.0,76377.0,17594.0,217818.0,281621.0,24143.0,11203.0,1681.0,134502.0,83868.0,16473.0,828177.0,12728.0
199602,2683.0,19638.0,12828.0,2967.0,94977.0,45100.0,49452.0,50549.0,80526.0,15054.0,298605.0,28492.0,28714.0,38005.0,24655.0,64297.0,14179.0,196827.0,244789.0,20127.0,9110.0,1010.0,126989.0,88777.0,15499.0,785050.0,10132.0
199603,1657.0,22878.0,14596.0,3163.0,101632.0,42732.0,55149.0,60694.0,83134.0,13592.0,340163.0,32734.0,37506.0,33196.0,26651.0,72119.0,13099.0,208255.0,296222.0,18965.0,7671.0,1300.0,149394.0,98394.0,18366.0,880451.0,10953.0
199604,2707.0,18706.0,18131.0,3293.0,93804.0,35736.0,55553.0,61913.0,85203.0,12929.0,343792.0,30293.0,32600.0,30267.0,26875.0,68301.0,11832.0,209268.0,302274.0,17074.0,11507.0,2400.0,143790.0,116929.0,13384.0,936844.0,11094.0
199605,2754.0,20707.0,19662.0,5030.0,111217.0,44587.0,59825.0,70143.0,101644.0,14399.0,399331.0,33224.0,38731.0,35305.0,28252.0,62768.0,12238.0,211581.0,341788.0,19916.0,10734.0,3275.0,166678.0,137728.0,14882.0,1015164.0,15187.0
199606,2916.0,16400.0,12435.0,4100.0,86381.0,50038.0,56235.0,66536.0,99081.0,16307.0,356708.0,31561.0,36267.0,36345.0,22287.0,53020.0,14288.0,179067.0,310934.0,18657.0,9820.0,2827.0,130881.0,104995.0,15583.0,955479.0,13354.0
199607,3520.0,19799.0,16782.0,6686.0,103188.0,44626.0,63892.0,75488.0,115087.0,15198.0,419534.0,36602.0,39241.0,42875.0,24576.0,60161.0,11447.0,209380.0,369964.0,18342.0,12443.0,3411.0,155297.0,124409.0,14957.0,1112456.0,19741.0
199608,3686.0,19437.0,16773.0,5081.0,112309.0,47313.0,66673.0,77212.0,112096.0,18808.0,435612.0,39106.0,42374.0,51454.0,28304.0,55412.0,18274.0,219041.0,371883.0,17140.0,11164.0,4176.0,150723.0,129616.0,11843.0,1136138.0,18010.0
199609,3066.0,22400.0,15775.0,2504.0,102040.0,53319.0,65008.0,71765.0,114350.0,23873.0,416075.0,33123.0,40478.0,38835.0,30121.0,62590.0,16534.0,194146.0,334202.0,19015.0,11468.0,4014.0,142002.0,118673.0,11961.0,1044313.0,15351.0
199610,4918.0,24490.0,20586.0,4271.0,118774.0,57972.0,60604.0,89133.0,114701.0,24374.0,454449.0,37319.0,42402.0,48752.0,31617.0,70231.0,21592.0,190194.0,359944.0,25052.0,11303.0,5859.0,148499.0,126597.0,19441.0,1095736.0,18088.0
199611,4245.0,22115.0,20170.0,6546.0,110736.0,63530.0,54995.0,82912.0,105854.0,27208.0,388336.0,37483.0,37723.0,48709.0,28854.0,66618.0,19896.0,195996.0,350015.0,27261.0,10514.0,4673.0,167406.0,134762.0,17768.0,1021237.0,17171.0
199612,3839.0,25569.0,20997.0,6465.0,114237.0,68735.0,50174.0,80642.0,92792.0,31453.0,378459.0,32338.0,33493.0,44347.0,33252.0,87086.0,17860.0,161733.0,320170.0,34838.0,11592.0,4337.0,150503.0,107344.0,20040.0,893065.0,13559.0
199701,3426.0,23870.0,19845.0,8407.0,114266.0,64785.0,49356.0,81948.0,94002.0,32482.0,343073.0,33824.0,35934.0,46140.0,33874.0,87375.0,17750.0,179477.0,302418.0,35366.0,8928.0,3332.0,164692.0,115875.0,21297.0,896431.0,10718.0
199702,2414.0,20753.0,15849.0,3108.0,105932.0,52045.0,49250.0,72507.0,90063.0,28099.0,349431.0,30284.0,29381.0,31186.0,28472.0,72103.0,17039.0,174363.0,286230.0,26554.0,8938.0,2810.0,144261.0,113958.0,19662.0,902567.0,9244.0
199703,1585.0,22105.0,15174.0,3940.0,107636.0,55301.0,46853.0,72814.0,81825.0,24043.0,368900.0,35696.0,31519.0,30567.0,32130.0,86453.0,16115.0,200425.0,313964.0,26808.0,6453.0,3662.0,161529.0,125575.0,19929.0,985328.0,7968.0
199704,3555.0,22099.0,18316.0,3970.0,125918.0,57177.0,55968.0,78924.0,98349.0,28341.0,405499.0,34531.0,35862.0,29797.0,30041.0,84528.0,15246.0,217448.0,321794.0,27984.0,8784.0,3039.0,171827.0,140476.0,21232.0,1011189.0,10191.0
199705,4202.0,21861.0,19322.0,6139.0,130167.0,65917.0,58363.0,76842.0,100849.0,29859.0,420412.0,36627.0,37995.0,32892.0,31121.0,81800.0,17822.0,206485.0,311922.0,29102.0,12577.0,4548.0,168235.0,134608.0,21316.0,977743.0,11833.0
199706,4431.0,22016.0,20241.0,7441.0,126825.0,71463.0,60050.0,78841.0,110975.0,30420.0,420225.0,29457.0,41008.0,37561.0,28645.0,83922.0,18425.0,188337.0,300566.0,30946.0,11746.0,4313.0,159935.0,134110.0,20008.0,918206.0,12409.0
199707,4363.0,24612.0,24938.0,7225.0,146266.0,81680.0,68351.0,89597.0,124923.0,39130.0,470568.0,40324.0,47826.0,43691.0,35229.0,88483.0,22925.0,229209.0,328672.0,36727.0,11612.0,4524.0,177892.0,142773.0,25924.0,1111640.0,12819.0
199708,4915.0,27414.0,27700.0,6823.0,156609.0,90762.0,62104.0,83247.0,121706.0,40800.0,462418.0,39005.0,43479.0,44563.0,38007.0,96321.0,21036.0,213331.0,322297.0,37360.0,17728.0,5068.0,160160.0,133875.0,27034.0,1082584.0,12986.0
199709,4608.0,32522.0,29178.0,5381.0,159235.0,93836.0,68460.0,79229.0,130670.0,41976.0,481760.0,36461.0,46865.0,46457.0,42919.0,102475.0,24816.0,214573.0,326109.0,41661.0,17353.0,5005.0,190576.0,144465.0,27552.0,1141590.0,14073.0
199710,4787.0,37841.0,28853.0,6115.0,177446.0,98690.0,72173.0,81501.0,125917.0,47336.0,469447.0,37624.0,49534.0,53818.0,48596.0,109460.0,25892.0,212455.0,343963.0,47819.0,17771.0,3098.0,171599.0,128240.0,29081.0,1143385.0,14466.0
199711,5120.0,39829.0,27167.0,6158.0,178374.0,101228.0,56067.0,77218.0,98789.0,47611.0,410699.0,33821.0,43143.0,48817.0,48811.0,106526.0,26002.0,181650.0,316558.0,44789.0,17537.0,2612.0,166651.0,120491.0,28071.0,999935.0,12688.0
199712,5082.0,39743.0,32152.0,7769.0,182391.0,103560.0,55207.0,74745.0,91221.0,52246.0,360127.0,33018.0,37796.0,52784.0,54355.0,111358.0,29965.0,199802.0,325743.0,51372.0,18030.0,5152.0,181879.0,129870.0,29591.0,955504.0,11098.0
199801,3439.0,41762.0,23734.0,6849.0,169378.0,109759.0,50496.0,74636.0,89254.0,59885.0,393697.0,35811.0,39898.0,54849.0,49038.0,116090.0,32544.0,213089.0,309064.0,48453.0,19068.0,2979.0,172360.0,126356.0,26852.0,1007548.0,10486.0
199802,3503.0,33114.0,19099.0,4398.0,138323.0,69662.0,52088.0,64134.0,86154.0,42817.0,293548.0,34568.0,33918.0,43253.0,43032.0,92016.0,20939.0,188024.0,251228.0,39773.0,11894.0,2512.0,161386.0,114668.0,24169.0,886337.0,11654.0
199803,3435.0,38870.0,22427.0,5321.0,174720.0,80592.0,57722.0,75087.0,90139.0,43558.0,398393.0,42787.0,38012.0,50863.0,44289.0,110684.0,22236.0,212693.0,340524.0,42363.0,14852.0,3963.0,190689.0,134507.0,26551.0,1043744.0,14543.0
199804,4135.0,32830.0,21954.0,5449.0,166080.0,81238.0,56591.0,65149.0,90303.0,50300.0,373604.0,37264.0,36162.0,46038.0,37867.0,92199.0,24725.0,202449.0,307877.0,34882.0,15092.0,5498.0,174859.0,126988.0,27199.0,1056072.0,11726.0
199805,4220.0,31908.0,23790.0,7307.0,165200.0,87205.0,61605.0,74635.0,98919.0,44235.0,416198.0,45569.0,40800.0,47326.0,41327.0,94385.0,25093.0,219178.0,298248.0,37582.0,13552.0,5895.0,170765.0,137091.0,24949.0,1009815.0,13326.0
199806,3577.0,27182.0,22804.0,4723.0,165992.0,83419.0,61305.0,72380.0,97730.0,56720.0,413032.0,41918.0,39393.0,54054.0,37956.0,87288.0,29499.0,210791.0,294993.0,37975.0,16816.0,3125.0,181733.0,140475.0,20021.0,948169.0,14940.0
199807,6339.0,30415.0,22424.0,9051.0,179181.0,105673.0,67123.0,80436.0,110312.0,62520.0,464426.0,45927.0,46528.0,59050.0,43547.0,99883.0,32574.0,218180.0,335903.0,40299.0,17878.0,4001.0,186579.0,145381.0,28636.0,1032023.0,16411.0
199808,6144.0,30677.0,21121.0,5326.0,199153.0,89443.0,67561.0,81508.0,113292.0,65701.0,458019.0,43498.0,51284.0,59930.0,43380.0,100115.0,29767.0,202192.0,329053.0,48250.0,20354.0,3601.0,171982.0,128016.0,28120.0,1042103.0,17120.0
199809,6533.0,33704.0,23593.0,5635.0,207877.0,111564.0,66580.0,83976.0,118945.0,70155.0,479411.0,41836.0,48933.0,66603.0,47475.0,106642.0,31397.0,199788.0,331347.0,51728.0,17664.0,3394.0,193557.0,140861.0,31202.0,992258.0,16223.0
199810,6841.0,37876.0,24190.0,5250.0,214875.0,103651.0,62985.0,72722.0,110069.0,72271.0,469430.0,39217.0,43146.0,72095.0,51538.0,104339.0,36993.0,206879.0,326691.0,51798.0,18422.0,3654.0,207377.0,140720.0,33674.0,991333.0,16729.0
199811,6190.0,39406.0,23581.0,5698.0,213546.0,110806.0,50704.0,65779.0,95297.0,65342.0,398230.0,38225.0,41833.0,74653.0,49620.0,107619.0,29171.0,218236.0,317539.0,55487.0,20339.0,1503.0,200569.0,148833.0,29410.0,1011075.0,14844.0
199812,5036.0,38094.0,23148.0,5006.0,201015.0,125945.0,54499.0,76843.0,92372.0,72401.0,393632.0,37759.0,38731.0,63876.0,48850.0,111715.0,32147.0,189592.0,323115.0,59339.0,17277.0,3738.0,182795.0,130132.0,31888.0,927527.0,14089.0
199901,3613.0,35204.0,18732.0,7834.0,199346.0,101212.0,50029.0,75201.0,85979.0,71685.0,385627.0,39922.0,40217.0,66000.0,47321.0,109944.0,34064.0,189087.0,304878.0,52480.0,14508.0,3514.0,185836.0,129046.0,28615.0,863779.0,12773.0
199902,2736.0,29931.0,20141.0,3634.0,179488.0,80154.0,45375.0,62952.0,72169.0,53907.0,353130.0,33134.0,36891.0,61611.0,40154.0,90119.0,26601.0,176398.0,267480.0,39803.0,12928.0,4610.0,167826.0,121897.0,24763.0,878433.0,11845.0
199903,3173.0,34961.0,22327.0,6247.0,211059.0,86137.0,54040.0,76394.0,85782.0,53091.0,424939.0,41653.0,42561.0,54910.0,44556.0,107847.0,30195.0,217525.0,333819.0,43778.0,13554.0,5694.0,208849.0,151221.0,29861.0,1073013.0,13563.0
199904,3692.0,29729.0,22594.0,3801.0,201522.0,75050.0,52606.0,68531.0,82604.0,47273.0,409378.0,35225.0,39920.0,54860.0,43219.0,96821.0,25039.0,188269.0,300973.0,38060.0,14685.0,7988.0,169170.0,128841.0,25319.0,975213.0,14496.0
199905,4125.0,29420.0,22808.0,4244.0,200917.0,80385.0,57594.0,79796.0,85804.0,53372.0,447514.0,40671.0,45390.0,55426.0,43581.0,102669.0,30102.0,201317.0,314679.0,36403.0,15539.0,8381.0,177922.0,142337.0,22772.0,1007574.0,20434.0
199906,4759.0,28380.0,26883.0,6120.0,184979.0,84953.0,57715.0,68946.0,93898.0,64481.0,443149.0,36743.0,47973.0,67258.0,39796.0,94659.0,33007.0,181185.0,312415.0,36871.0,18468.0,5973.0,181617.0,135183.0,19562.0,932847.0,24215.0
199907,5340.0,31098.0,31644.0,5345.0,210192.0,100535.0,66328.0,69021.0,106551.0,67640.0,455475.0,37241.0,48951.0,69993.0,42074.0,98244.0,34311.0,188808.0,309215.0,40683.0,19039.0,5617.0,172988.0,132842.0,23576.0,990794.0,29380.0
199908,5531.0,31311.0,29193.0,7282.0,204374.0,98246.0,67520.0,72404.0,113520.0,69817.0,477519.0,40005.0,50612.0,75475.0,45880.0,97427.0,31739.0,220201.0,363145.0,41276.0,22347.0,4212.0,205426.0,151951.0,22447.0,1035476.0,29631.0
199909,5283.0,32344.0,27479.0,7300.0,217527.0,90776.0,65191.0,72006.0,111147.0,63741.0,467940.0,39754.0,51450.0,78363.0,53200.0,100661.0,31221.0,185663.0,337087.0,45091.0,21488.0,4593.0,172924.0,136946.0,20934.0,1034187.0,35076.0
199910,5177.0,32497.0,30200.0,8118.0,217211.0,111571.0,67488.0,64305.0,112910.0,73477.0,445114.0,38615.0,49119.0,76384.0,52154.0,106682.0,37145.0,195822.0,329013.0,46042.0,20706.0,4667.0,182637.0,138401.0,21401.0,1007924.0,33467.0
199911,6482.0,35886.0,38965.0,9516.0,213612.0,107700.0,55754.0,62826.0,104586.0,73830.0,409255.0,35849.0,46160.0,78084.0,53684.0,110917.0,33908.0,201322.0,323430.0,53745.0,24353.0,6277.0,201248.0,150020.0,21391.0,986564.0,28290.0
199912,4987.0,32988.0,36195.0,8217.0,220961.0,122270.0,54804.0,64854.0,96575.0,72326.0,370918.0,35320.0,40842.0,63428.0,59658.0,108620.0,32116.0,175040.0,313043.0,56818.0,19148.0,4574.0,194421.0,128921.0,20954.0,936772.0,28451.0
200001,4471.0,32682.0,28660.0,8810.0,193440.0,82846.0,52709.0,59657.0,89188.0,66267.0,325499.0,33762.0,40234.0,75204.0,47613.0,94828.0,24291.0,177831.0,281868.0,49099.0,20978.0,4919.0,172910.0,131217.0,21857.0,865646.0,20392.0
200002,4812.0,28067.0,26221.0,4846.0,192253.0,89352.0,55437.0,65881.0,93251.0,51610.0,355363.0,31653.0,36335.0,77709.0,46146.0,97323.0,27218.0,174393.0,299155.0,42771.0,16668.0,3439.0,177501.0,130377.0,21180.0,931637.0,22543.0
200003,4420.0,29678.0,25615.0,3510.0,195350.0,81013.0,57918.0,68902.0,98158.0,49550.0,369318.0,33704.0,42119.0,76039.0,44958.0,95624.0,24946.0,207923.0,293482.0,40932.0,18784.0,3729.0,188724.0,150834.0,19887.0,1011704.0,24221.0
200004,5117.0,25424.0,22327.0,3197.0,182945.0,74011.0,54842.0,60945.0,92908.0,42142.0,363099.0,32918.0,39259.0,57379.0,41881.0,93558.0,23132.0,184311.0,289524.0,36701.0,16235.0,2484.0,165516.0,141179.0,17514.0,967723.0,29883.0
200005,5473.0,28986.0,32852.0,4609.0,186985.0,91947.0,64640.0,62924.0,114386.0,54943.0,423538.0,40556.0,50549.0,69248.0,42367.0,96463.0,25560.0,204894.0,286548.0,39526.0,19320.0,5802.0,183758.0,155118.0,21807.0,1045730.0,30336.0
200006,5259.0,24122.0,31678.0,5695.0,172004.0,88333.0,64632.0,62498.0,114959.0,41810.0,401902.0,37266.0,50624.0,78704.0,38405.0,75378.0,22925.0,189087.0,306912.0,32379.0,17879.0,3703.0,164983.0,153315.0,17096.0,1011966.0,34019.0
200007,6501.0,25089.0,33482.0,6283.0,187669.0,101690.0,66157.0,66468.0,121293.0,40784.0,384603.0,36419.0,51592.0,74295.0,37971.0,88677.0,25972.0,192693.0,305058.0,36826.0,20901.0,5167.0,172020.0,151222.0,19249.0,1002940.0,34378.0
200008,6427.0,30197.0,33474.0,6390.0,210687.0,103535.0,71656.0,70529.0,131141.0,54064.0,447508.0,40140.0,57175.0,85149.0,44395.0,92668.0,29274.0,205001.0,328079.0,45500.0,18420.0,4711.0,192764.0,167154.0,19752.0,1062346.0,32692.0
200009,8492.0,28010.0,27961.0,6887.0,187532.0,91365.0,67168.0,62834.0,123279.0,39301.0,403090.0,38440.0,53921.0,87456.0,39919.0,93500.0,25988.0,170548.0,306456.0,44673.0,22125.0,4232.0,158417.0,140332.0,16376.0,977238.0,27075.0
200010,7099.0,33815.0,34367.0,7332.0,198886.0,100058.0,67016.0,69579.0,130397.0,50830.0,404025.0,37631.0,53861.0,91912.0,43952.0,105618.0,26971.0,199127.0,325567.0,47663.0,19802.0,4693.0,171785.0,149181.0,18668.0,1012641.0,28838.0
200011,7867.0,36088.0,33083.0,8838.0,193634.0,97392.0,58148.0,68549.0,115655.0,53706.0,380295.0,38444.0,52991.0,95769.0,46432.0,111548.0,27374.0,195012.0,333973.0,47864.0,22360.0,5022.0,187476.0,153449.0,22079.0,1031155.0,24907.0
200012,5293.0,35240.0,33434.0,6977.0,175773.0,99580.0,53303.0,60499.0,96591.0,55576.0,344111.0,35978.0,44214.0,82993.0,45418.0,105701.0,26185.0,170966.0,285357.0,50053.0,20544.0,5132.0,166032.0,137150.0,21472.0,922112.0,19650.0
200101,5166.666666666667,29583.333333333332,47333.333333333336,8583.333333333334,162333.33333333334,90333.33333333333,61333.333333333336,58750.0,123833.33333333333,47333.333333333336,346666.6666666667,41416.666666666664,59916.666666666664,89083.33333333333,42250.0,104750.0,24250.0,193333.33333333334,285916.6666666667,39083.333333333336,20250.0,5583.333333333333,177583.33333333334,151333.33333333334,22250.0,907166.6666666666,19416.666666666668
200102,5166.666666666667,29583.333333333332,47333.333333333336,8583.333333333334,162333.33333333334,90333.33333333333,61333.333333333336,58750.0,123833.33333333333,47333.333333333336,346666.6666666667,41416.666666666664,59916.666666666664,89083.33333333333,42250.0,104750.0,24250.0,193333.33333333334,285916.6666666667,39083.333333333336,20250.0,5583.333333333333,177583.33333333334,151333.33333333334,22250.0,907166.6666666666,19416.666666666668
200103,5166.666666666667,29583.333333333332,47333.333333333336,8583.333333333334,162333.33333333334,90333.33333333333,61333.333333333336,58750.0,123833.33333333333,47333.333333333336,346666.6666666667,41416.666666666664,59916.666666666664,89083.33333333333,42250.0,104750.0,24250.0,193333.33333333334,285916.6666666667,39083.333333333336,20250.0,5583.333333333333,177583.33333333334,151333.33333333334,22250.0,907166.6666666666,19416.666666666668
200104,5166.666666666667,29583.333333333332,47333.333333333336,8583.333333333334,162333.33333333334,90333.33333333333,61333.333333333336,58750.0,123833.33333333333,47333.333333333336,346666.6666666667,41416.666666666664,59916.666666666664,89083.33333333333,42250.0,104750.0,24250.0,193333.33333333334,285916.6666666667,39083.333333333336,20250.0,5583.333333333333,177583.33333333334,151333.33333333334,22250.0,907166.6666666666,19416.666666666668
200105,5166.666666666667,29583.333333333332,47333.333333333336,8583.333333333334,162333.33333333334,90333.33333333333,61333.333333333336,58750.0,123833.33333333333,47333.333333333336,346666.6666666667,41416.666666666664,59916.666666666664,89083.33333333333,42250.0,104750.0,24250.0,193333.33333333334,285916.6666666667,39083.333333333336,20250.0,5583.333333333333,177583.33333333334,151333.33333333334,22250.0,907166.6666666666,19416.666666666668
200106,5166.666666666667,29583.333333333332,47333.333333333336,8583.333333333334,162333.33333333334,90333.33333333333,61333.333333333336,58750.0,123833.33333333333,47333.333333333336,346666.6666666667,41416.666666666664,59916.666666666664,89083.33333333333,42250.0,104750.0,24250.0,193333.33333333334,285916.6666666667,39083.333333333336,20250.0,5583.333333333333,177583.33333333334,151333.33333333334,22250.0,907166.6666666666,19416.666666666668
200107,5166.666666666667,29583.333333333332,47333.333333333336,8583.333333333334,162333.33333333334,90333.33333333333,61333.333333333336,58750.0,123833.33333333333,47333.333333333336,346666.6666666667,41416.666666666664,59916.666666666664,89083.33333333333,42250.0,104750.0,24250.0,193333.33333333334,285916.6666666667,39083.333333333336,20250.0,5583.333333333333,177583.33333333334,151333.33333333334,22250.0,907166.6666666666,19416.666666666668
200108,5166.666666666667,29583.333333333332,47333.333333333336,8583.333333333334,162333.33333333334,90333.33333333333,61333.333333333336,58750.0,123833.33333333333,47333.333333333336,346666.6666666667,41416.666666666664,59916.666666666664,89083.33333333333,42250.0,104750.0,24250.0,193333.33333333334,285916.6666666667,39083.333333333336,20250.0,5583.333333333333,177583.33333333334,151333.33333333334,22250.0,907166.6666666666,19416.666666666668
200109,5166.666666666667,29583.333333333332,47333.333333333336,8583.333333333334,162333.33333333334,90333.33333333333,61333.333333333336,58750.0,123833.33333333333,47333.333333333336,346666.6666666667,41416.666666666664,59916.666666666664,89083.33333333333,42250.0,104750.0,24250.0,193333.33333333334,285916.6666666667,39083.333333333336,20250.0,5583.333333333333,177583.33333333334,151333.33333333334,22250.0,907166.6666666666,19416.666666666668
200110,5166.666666666667,29583.333333333332,47333.333333333336,8583.333333333334,162333.33333333334,90333.33333333333,61333.333333333336,58750.0,123833.33333333333,47333.333333333336,346666.6666666667,41416.666666666664,59916.666666666664,89083.33333333333,42250.0,104750.0,24250.0,193333.33333333334,285916.6666666667,39083.333333333336,20250.0,5583.333333333333,177583.33333333334,151333.33333333334,22250.0,907166.6666666666,19416.666666666668
200111,5166.666666666667,29583.333333333332,47333.333333333336,8583.333333333334,162333.33333333334,90333.33333333333,61333.333333333336,58750.0,123833.33333333333,47333.333333333336,346666.6666666667,41416.666666666664,59916.666666666664,89083.33333333333,42250.0,104750.0,24250.0,193333.33333333334,285916.6666666667,39083.333333333336,20250.0,5583.333333333333,177583.33333333334,151333.33333333334,22250.0,907166.6666666666,19416.666666666668
200112,5166.666666666667,29583.333333333332,47333.333333333336,8583.333333333334,162333.33333333334,90333.33333333333,61333.333333333336,58750.0,123833.33333333333,47333.333333333336,346666.6666666667,41416.666666666664,59916.666666666664,89083.33333333333,42250.0,104750.0,24250.0,193333.33333333334,285916.6666666667,39083.333333333336,20250.0,5583.333333333333,177583.33333333334,151333.33333333334,22250.0,907166.6666666666,19416.666666666668
200201,3666.6666666666665,26333.333333333332,47500.0,7083.333333333333,138166.66666666666,74166.66666666667,53000.0,52916.666666666664,109333.33333333333,39250.0,305333.3333333333,35333.333333333336,55666.666666666664,87666.66666666667,32750.0,84500.0,19916.666666666668,181083.33333333334,252000.0,34000.0,15416.666666666666,6500.0,178750.0,140666.66666666666,20416.666666666668,794000.0,20000.0
200202,3666.6666666666665,26333.333333333332,47500.0,7083.333333333333,138166.66666666666,74166.66666666667,53000.0,52916.666666666664,109333.33333333333,39250.0,305333.3333333333,35333.333333333336,55666.666666666664,87666.66666666667,32750.0,84500.0,19916.666666666668,181083.33333333334,252000.0,34000.0,15416.666666666666,6500.0,178750.0,140666.66666666666,20416.666666666668,794000.0,20000.0
200203,3666.6666666666665,26333.333333333332,47500.0,7083.333333333333,138166.66666666666,74166.66666666667,53000.0,52916.666666666664,109333.33333333333,39250.0,305333.3333333333,35333.333333333336,55666.666666666664,87666.66666666667,32750.0,84500.0,19916.666666666668,181083.33333333334,252000.0,34000.0,15416.666666666666,6500.0,178750.0,140666.66666666666,20416.666666666668,794000.0,20000.0
200204,3666.6666666666665,26333.333333333332,47500.0,7083.333333333333,138166.66666666666,74166.66666666667,53000.0,52916.666666666664,109333.33333333333,39250.0,305333.3333333333,35333.333333333336,55666.666666666664,87666.66666666667,32750.0,84500.0,19916.666666666668,181083.33333333334,252000.0,34000.0,15416.666666666666,6500.0,178750.0,140666.66666666666,20416.666666666668,794000.0,20000.0
200205,3666.6666666666665,26333.333333333332,47500.0,7083.333333333333,138166.66666666666,74166.66666666667,53000.0,52916.666666666664,109333.33333333333,39250.0,305333.3333333333,35333.333333333336,55666.666666666664,87666.66666666667,32750.0,84500.0,19916.666666666668,181083.33333333334,252000.0,34000.0,15416.666666666666,6500.0,178750.0,140666.66666666666,20416.666666666668,794000.0,20000.0
200206,3666.6666666666665,26333.333333333332,47500.0,7083.333333333333,138166.66666666666,74166.66666666667,53000.0,52916.666666666664,109333.33333333333,39250.0,305333.3333333333,35333.333333333336,55666.666666666664,87666.66666666667,32750.0,84500.0,19916.666666666668,181083.33333333334,252000.0,34000.0,15416.666666666666,6500.0,178750.0,140666.66666666666,20416.666666666668,794000.0,20000.0
200207,3666.6666666666665,26333.333333333332,47500.0,7083.333333333333,138166.66666666666,74166.66666666667,53000.0,52916.666666666664,109333.33333333333,39250.0,305333.3333333333,35333.333333333336,55666.666666666664,87666.66666666667,32750.0,84500.0,19916.666666666668,181083.33333333334,252000.0,34000.0,15416.666666666666,6500.0,178750.0,140666.66666666666,20416.666666666668,794000.0,20000.0
200208,3666.6666666666665,26333.333333333332,47500.0,7083.333333333333,138166.66666666666,74166.66666666667,53000.0,52916.666666666664,109333.33333333333,39250.0,305333.3333333333,35333.333333333336,55666.666666666664,87666.66666666667,32750.0,84500.0,19916.666666666668,181083.33333333334,252000.0,34000.0,15416.666666666666,6500.0,178750.0,140666.66666666666,20416.666666666668,794000.0,20000.0
200209,3666.6666666666665,26333.333333333332,47500.0,7083.333333333333,138166.66666666666,74166.66666666667,53000.0,52916.666666666664,109333.33333333333,39250.0,305333.3333333333,35333.333333333336,55666.666666666664,87666.66666666667,32750.0,84500.0,19916.666666666668,181083.33333333334,252000.0,34000.0,15416.666666666666,6500.0,178750.0,140666.66666666666,20416.666666666668,794000.0,20000.0
200210,3666.6666666666665,26333.333333333332,47500.0,7083.333333333333,138166.66666666666,74166.66666666667,53000.0,52916.666666666664,109333.33333333333,39250.0,305333.3333333333,35333.333333333336,55666.666666666664,87666.66666666667,32750.0,84500.0,19916.666666666668,181083.33333333334,252000.0,34000.0,15416.666666666666,6500.0,178750.0,140666.66666666666,20416.666666666668,794000.0,20000.0
200211,3666.6666666666665,26333.333333333332,47500.0,7083.333333333333,138166.66666666666,74166.66666666667,53000.0,52916.666666666664,109333.33333333333,39250.0,305333.3333333333,35333.333333333336,55666.666666666664,87666.66666666667,32750.0,84500.0,19916.666666666668,181083.33333333334,252000.0,34000.0,15416.666666666666,6500.0,178750.0,140666.66666666666,20416.666666666668,794000.0,20000.0
200212,3666.6666666666665,26333.333333333332,47500.0,7083.333333333333,138166.66666666666,74166.66666666667,53000.0,52916.666666666664,109333.33333333333,39250.0,305333.3333333333,35333.333333333336,55666.666666666664,87666.66666666667,32750.0,84500.0,19916.666666666668,181083.33333333334,252000.0,34000.0,15416.666666666666,6500.0,178750.0,140666.66666666666,20416.666666666668,794000.0,20000.0
200301,3260.0,30109.0,28193.0,10392.0,151297.0,81265.0,50047.0,48426.0,97447.0,43342.0,247134.0,33744.0,47470.0,84701.0,38426.0,99743.0,21844.0,189804.0,254362.0,36825.0,13867.0,6920.0,188093.0,142456.0,23616.0,782111.0,17555.0
200302,2191.0,27684.0,31226.0,6857.0,138707.0,65200.0,48110.0,54969.0,97256.0,28663.0,305708.0,32230.0,45387.0,80221.0,31672.0,86997.0,15814.0,174713.0,252842.0,34088.0,10777.0,7476.0,170973.0,135829.0,21357.0,789891.0,14976.0
200303,2154.0,26534.0,33484.0,7011.0,135009.0,55165.0,49006.0,53847.0,101442.0,27900.0,284168.0,33559.0,44907.0,76122.0,28775.0,83033.0,16067.0,180801.0,229385.0,30150.0,13888.0,8659.0,174880.0,133135.0,20059.0,774309.0,13334.0
200304,2643.0,25109.0,31596.0,7122.0,126554.0,53928.0,48445.0,50375.0,98217.0,25739.0,286594.0,34283.0,45467.0,76544.0,28571.0,82302.0,14938.0,180172.0,243407.0,31224.0,11859.0,7259.0,178111.0,144723.0,19920.0,782071.0,15173.0
200305,2546.0,25171.0,32919.0,5267.0,137331.0,65334.0,51436.0,52576.0,112540.0,30203.0,312455.0,36066.0,56246.0,83445.0,31613.0,80217.0,17765.0,185597.0,256535.0,33606.0,14431.0,6786.0,184331.0,150523.0,19962.0,841400.0,18728.0
200306,3040.0,22645.0,32198.0,5539.0,118680.0,64323.0,51884.0,51603.0,109189.0,37590.0,299651.0,35697.0,56126.0,82978.0,26158.0,67240.0,17561.0,169008.0,243236.0,28825.0,12653.0,5555.0,160740.0,128735.0,16202.0,757875.0,18887.0
200307,4963.0,24689.0,37274.0,7714.0,131291.0,80404.0,57034.0,57260.0,118633.0,42741.0,340885.0,40248.0,66358.0,93037.0,32996.0,83181.0,21260.0,191857.0,269774.0,35809.0,15269.0,5060.0,175805.0,154768.0,20057.0,857128.0,20089.0
200308,2924.0,23364.0,37605.0,7740.0,131406.0,78620.0,52525.0,54309.0,115594.0,42427.0,322275.0,36262.0,63712.0,89827.0,31318.0,82075.0,20367.0,180591.0,243189.0,34046.0,18397.0,5241.0,179478.0,142558.0,19484.0,785016.0,22678.0
200309,5276.0,26382.0,38386.0,6882.0,147495.0,79494.0,55603.0,56559.0,122029.0,42993.0,345219.0,34630.0,66987.0,93270.0,34517.0,85846.0,21737.0,176074.0,264695.0,34492.0,22262.0,4794.0,177581.0,144182.0,21679.0,827220.0,24584.0
200310,5262.0,26634.0,39519.0,7066.0,154944.0,85605.0,60077.0,55945.0,126095.0,51235.0,352678.0,36875.0,67214.0,100670.0,36194.0,90177.0,23881.0,191866.0,268955.0,35487.0,18333.0,5781.0,190158.0,152080.0,20556.0,853721.0,26564.0
200311,5041.0,27789.0,39614.0,5797.0,142678.0,84457.0,55040.0,51371.0,112663.0,47963.0,295720.0,33128.0,57793.0,92924.0,33993.0,86905.0,23709.0,172099.0,247368.0,35133.0,18156.0,5236.0,166277.0,139013.0,19390.0,766030.0,22246.0
200312,4303.0,30032.0,36333.0,7706.0,142702.0,94777.0,56634.0,47913.0,100830.0,49930.0,270978.0,30870.0,50908.0,98571.0,38522.0,86156.0,23943.0,165917.0,247521.0,38580.0,15494.0,5516.0,156573.0,119170.0,23029.0,711279.0,24679.0
200401,4105.0,24166.0,34293.0,10000.0,129857.0,75575.0,46442.0,48646.0,93660.0,42076.0,249680.0,36256.0,51972.0,110204.0,31891.0,76341.0,18413.0,185712.45,256494.044,32845.0,13420.0,5752.5,174261.0,135344.0,19642.0,706730.927,19115.0
200402,3898.0,21774.0,48622.852,6136.0,126813.0,53065.0,43234.0,43597.0,85349.0,30183.0,219561.0,33675.0,40729.0,76354.0,26089.0,65040.0,16605.0,170875.0,214974.0,26809.0,11302.0,5006.0,164909.054,127693.0,17778.0,697361.355,22973.0
200403,4209.0,28228.0,34554.525,5122.0,152225.0,67755.0,54587.0,56331.0,116097.0,40701.0,304641.0,43734.0,54446.0,77171.0,32066.0,88306.0,22084.0,204477.0,273646.0,34465.0,16993.0,5470.0,202662.0,151570.0,21180.0,859304.048,30126.0
200404,2994.0,25525.0,57805.072,3926.0,136288.0,64858.0,59228.0,48488.0,120197.0,39783.0,262564.0,36187.0,51788.0,80720.0,26351.0,74323.0,22445.0,173662.0,238045.0,30563.0,16214.0,1513.313,174149.0,137044.0,18824.0,762222.172,29497.0
200405,3720.0,26207.0,39036.0,6197.0,148117.0,72377.0,63997.0,52856.0,122728.0,38903.0,299209.0,33413.0,58702.0,82088.0,27348.0,78114.0,23323.0,162633.0,254860.0,32574.0,15406.0,3705.915,159955.0,134493.0,16535.0,763920.0,29528.0
200406,4275.0,19604.0,55435.6,7552.0,135806.0,70882.0,67774.0,53379.0,134224.0,46111.0,303866.0,39588.0,63281.0,98315.0,25120.0,69976.0,25466.0,190964.95,279415.0,32706.0,19759.0,2891.75,180711.3,150250.0,16196.0,778743.089,40329.0
200407,4699.0,25229.0,56241.96,5796.0,147816.0,85304.0,71340.0,55198.0,132814.0,49146.0,320442.0,42637.0,69737.0,108105.0,27654.0,84203.0,29923.0,193647.0,249081.0,32727.0,20185.0,2796.75,181807.0,149578.0,17425.0,776245.251,40416.0
200408,6416.0,22412.0,58104.524000000005,5979.0,147060.0,82452.0,75288.0,59589.0,138662.0,39027.0,318685.0,44213.0,69819.0,108975.0,28168.0,80313.0,25773.0,214935.0,281405.0,35823.0,19467.0,3319.963,186124.0,164042.0,17576.0,827480.0,36605.0
200409,6427.0,27370.0,41072.0,7271.0,156749.0,80106.0,72595.0,59411.0,149663.0,48068.0,315841.0,42226.0,69265.0,110773.0,34218.0,87563.0,24030.0,197495.0,280430.0,37225.0,18700.0,2351.0,162686.97,148187.0,19227.0,802352.0,43797.0
200410,6386.0,26452.0,55694.057,6552.0,150946.0,79744.0,76992.0,53873.0,150623.0,46069.0,300355.0,36618.0,64352.0,110954.0,30440.0,80640.0,21724.0,184957.0,248861.0,33551.0,22264.0,2124.75,179882.59,151102.0,17655.0,718557.0,37795.0
200411,5591.0,26598.0,44211.0,8809.0,142002.0,83228.0,74060.0,54406.0,144087.0,50343.0,297717.0,37872.0,66547.0,117382.0,30988.0,78585.0,23003.0,197165.0,266398.0,35805.0,14075.0,1654.0,172935.0,154958.0,19516.0,738600.0,35968.0
200412,5422.0,30970.0,62309.776,6668.0,159878.0,101817.0,65679.0,50885.0,126835.0,60595.0,260237.0,39746.0,56044.0,112122.0,34230.0,87633.0,23922.0,183387.0,248921.0,39511.0,21219.0,3188.0,176633.0,135844.0,20509.0,716803.0,31277.0
200501,5807.0,29095.0,39696.0,9759.0,139997.0,91341.0,62294.0,56490.0,121831.0,56124.0,268591.0,33550.0,55998.0,115365.0,32450.0,84896.0,19758.0,172044.0,246602.0,38146.0,21211.0,2928.0,168412.0,134837.0,18244.0,656269.0,29644.0
200502,5242.0,25241.0,56004.937999999995,4782.0,111865.0,69730.0,55247.0,53578.0,115210.0,39810.0,246372.0,33682.0,49346.0,90229.0,27763.0,81240.0,19763.0,188841.0,237093.0,30350.0,15823.0,2118.0,153593.111,136495.0,18161.0,745154.0,25375.0
200503,4965.0,29040.0,39376.0,7803.0,159603.0,77682.0,65908.0,60481.0,122721.0,44937.0,292439.0,40149.0,57277.0,87897.0,30131.0,100925.0,22445.0,200253.0,270163.0,33791.0,15195.0,2876.0,166196.0,154807.0,23259.0,788618.0,25608.0
200504,5854.0,25685.0,59327.426,4400.0,142063.0,66140.0,67387.0,64833.0,130262.0,41661.0,310034.0,39205.0,61881.0,96273.0,27103.0,83152.0,20109.0,188916.0,263941.0,30891.0,15479.0,3091.0,150226.0,146582.0,19137.0,790169.0,30043.0
200505,5892.0,21197.0,40816.0,4460.0,137144.0,76289.0,68730.0,64063.0,139268.0,47350.0,322741.0,38897.0,65040.0,97686.0,28053.0,81128.0,24283.0,184994.0,273825.0,30724.0,18536.0,2684.0,154220.0,149537.0,15066.0,791663.1,28702.0
200506,7760.0,20299.0,58167.288,10613.0,122740.0,80340.0,74797.0,66518.0,152638.0,50153.0,360513.0,40481.0,68127.0,108413.0,21631.0,64348.0,24792.0,192629.0,284813.0,29836.0,22600.0,1466.0,163261.0,165664.0,17048.0,837181.0,36483.0
200507,7484.0,22784.0,46075.0,7421.0,124170.0,93393.0,70102.0,65453.0,150876.0,53112.0,359804.0,41787.0,60123.0,107399.0,28751.0,81509.0,26903.0,184723.0,267064.0,39965.0,17735.0,3161.0,161492.0,162223.0,17748.0,818964.1,33900.0
200508,8048.0,23659.0,61321.4,11699.0,160949.0,91998.0,93050.0,76604.0,176088.0,51788.0,406893.0,51050.0,77077.0,131490.0,29638.0,65400.0,25702.0,203175.0,321431.0,39549.0,23933.0,2107.0,173938.0,165871.0,20650.0,914839.0,49981.0
200509,7794.0,23770.0,49763.0,9440.0,145708.0,81500.0,80334.0,68541.0,165396.0,46690.0,397527.0,40518.0,65579.0,112652.0,29640.0,73556.0,19939.0,169242.0,280468.0,40932.0,21268.0,2674.0,154493.0,146298.0,17941.0,842283.25,46402.0
200510,8792.0,25386.0,59289.95,7688.0,138694.0,81596.0,82226.0,64374.0,162546.0,45263.0,406354.0,37686.0,63093.0,108883.0,29790.0,82506.0,21902.0,166786.0,292837.0,44399.0,22834.0,2351.0,153438.0,151753.0,16431.0,813976.4,42995.0
200511,6725.0,26776.0,58858.12,11977.0,129206.0,80195.0,74666.0,62128.0,156234.0,44122.0,375773.0,41135.0,64380.0,106626.0,34715.0,79647.0,21556.0,196534.0,304782.0,43484.0,19522.0,2327.0,185306.0,160162.0,17995.0,902902.15,42388.0
200512,6551.0,33636.0,44592.0,14155.0,155862.0,95958.0,60790.0,65904.0,123830.0,58448.0,357530.0,41341.0,49713.0,102069.0,45400.0,101349.0,25612.0,177285.0,281310.0,48074.0,18921.0,2396.0,181484.0,150421.0,20117.0,822704.0,39682.0
200601,7192.0,30849.0,51658.0,6912.0,146547.0,93559.0,69054.0,62346.0,147233.0,60434.0,425400.0,43106.0,55489.0,93022.0,42579.0,106786.0,25712.0,184040.0,301206.0,45289.0,15232.0,3458.0,170928.0,154694.0,18774.0,851312.1,37092.0
200602,6443.0,25234.0,47766.0,6760.0,137490.0,67351.0,58368.0,57632.0,119408.0,46215.0,375813.0,32601.0,46637.0,77429.0,35468.0,94145.0,19537.0,154356.0,250819.0,35791.0,14323.0,3467.0,160527.95,136733.0,19740.0,745809.7,29357.0
200603,9429.0,33238.0,63751.501000000004,14450.0,175839.0,80250.0,62490.0,63970.0,141839.0,47645.0,441698.0,42728.0,58270.0,89122.0,40803.0,116660.0,24866.0,196251.0,330200.0,44472.0,18022.0,4437.0,195809.0,166125.94,24599.0,969343.0,29126.0
200604,7627.0,23230.0,39106.0,8618.0,133213.0,60193.0,54739.0,48573.0,112504.0,34471.0,389598.0,37874.0,41169.0,84446.0,26305.0,83930.0,17565.0,162619.0,270149.0,32340.0,18153.0,2394.0,159962.0,137965.0,20716.0,840438.04,18553.0
200605,9283.0,24302.0,56475.867,8818.0,169039.0,77034.0,68501.0,57372.0,154131.0,48018.0,465695.0,42090.0,58919.0,88899.0,33667.0,100055.0,25566.0,197991.0,314374.0,42359.0,24051.0,2040.0,183965.42,163144.3,22626.0,974085.75,22552.0
200606,7826.0,19608.0,41108.0,7726.0,141216.0,82997.0,60010.0,53370.0,148657.0,51261.0,418447.0,41427.0,60095.0,95124.0,28367.2,85454.0,26943.0,183933.0,297170.0,38437.0,19856.0,2291.0,162528.262,151967.0,18272.0,905143.15,18245.0
200607,7907.0,21908.0,59762.7,6999.0,155953.0,88693.0,62021.0,54255.0,155052.0,55481.0,440917.0,44939.0,61492.0,98140.0,29610.0,88345.0,28877.0,188029.0,322005.0,45045.0,24547.0,2365.0,174380.2,158404.0,17882.0,952021.0,27738.0
200608,15133.0,26927.0,63997.04,9315.0,185222.0,100211.0,71527.0,58264.0,166656.0,67221.0,479363.0,49562.0,71167.0,101739.0,36666.0,103376.0,31146.0,201402.0,331806.0,50670.0,31799.0,3013.0,184400.0,171917.0,24696.0,995243.0,28597.0
200609,12318.0,26885.0,56749.14,12122.0,178863.0,97804.0,68051.0,54972.0,158784.0,66365.0,437792.0,47439.0,62628.0,108266.0,38206.2,104198.0,29297.0,179982.0,310371.0,45984.0,23772.0,1843.0,171344.0,161125.9,24177.0,928490.4,26180.0
200610,11558.0,27027.0,50073.953,9287.0,171744.0,99213.0,60180.0,54028.0,165031.0,67593.0,445573.0,48032.0,68882.0,113029.0,38481.2,101954.0,33556.0,192452.0,321177.558,47164.0,24950.0,3350.0,190782.485,170225.0,25541.0,930603.75,27381.0
200611,9965.0,30102.0,58840.6,14666.0,167800.0,101183.0,61378.0,55190.0,143822.0,72762.0,401511.0,46778.0,65269.0,120634.0,40313.0,104742.0,35439.0,193306.0,316305.0,48933.0,31004.0,2334.0,182346.0,158829.0,26724.0,950276.0,25572.0
200612,9734.0,28794.0,36857.0,9867.0,172041.0,106958.0,50865.0,53589.0,117025.0,76473.0,354139.0,38909.0,51531.0,111767.0,40005.0,103693.0,34674.0,169285.0,300099.0,50305.0,26292.0,3251.0,169954.29,139348.0,26478.0,821024.351,22114.0
200701,6647.0,34100.0,57622.0,14985.0,191238.0,95626.0,56123.0,76743.0,136126.0,66018.0,389550.0,42744.0,61532.0,110404.0,44532.0,116887.0,32273.0,168549.0,314579.0,52024.0,23886.0,2530.0,179615.0,155540.0,29457.0,868685.0,27135.0
200702,6138.0,27356.0,51061.0,10988.0,148904.0,65624.0,46807.0,67311.0,108339.0,46901.0,355526.0,37565.0,44927.0,83941.0,34753.0,92475.0,22327.0,160048.0,289157.0,42567.0,17043.0,2885.0,158886.0,143950.0,22985.0,843901.0,22195.0
200703,9225.0,31753.0,57695.0,16338.0,185388.0,78343.0,63343.0,85163.0,156805.0,58996.0,460107.0,47589.0,62172.0,95591.0,41195.0,105918.0,29210.0,193273.0,358097.0,48994.0,26506.0,3519.0,191003.0,162835.0,26894.0,1013232.0,25910.0
200704,7545.0,28188.0,55162.0,8870.0,178255.0,69913.0,59052.0,69220.0,153463.0,47399.0,424702.0,44965.0,62588.0,92585.0,35818.0,92821.0,23381.0,172940.0,320731.0,41894.0,24619.0,2635.0,178867.0,151579.0,23109.0,904763.0,31577.0
200705,9279.0,29624.0,41137.0,11095.0,192947.0,84748.0,66618.0,76813.0,174670.0,60944.0,466812.0,47485.0,73139.0,91907.0,40250.0,103828.0,29926.0,184252.0,348055.0,47464.0,27225.0,2555.0,186781.0,154226.0,23938.0,999487.0,38954.0
200706,9651.0,25216.0,62169.0,6493.0,166769.0,91821.0,66917.0,75526.0,171606.0,67694.0,471673.0,50767.0,76429.0,107999.0,33230.0,93844.0,29326.0,188100.0,339532.0,41318.0,30325.0,3210.0,174657.0,171583.0,22669.0,989026.0,41066.0
200707,9541.0,26504.0,59404.0,9051.0,182507.0,105940.0,72223.0,81935.0,182293.0,75379.0,496171.0,52952.0,73046.0,98977.0,39598.0,107275.0,33838.0,193222.0,355153.0,49578.0,31345.0,3001.0,186040.0,173115.0,24124.0,976498.0,45450.0
200708,17165.0,27872.0,64462.0,11339.0,200526.0,113440.0,75666.0,86992.0,190437.0,81215.0,531411.0,56268.0,88404.0,119585.0,44056.0,114591.0,35390.0,230158.0,393579.0,55472.0,41466.0,3026.0,200352.0,197102.0,26244.0,1166121.0,47715.0
200709,15001.0,28082.0,57133.0,15643.0,185443.0,107511.0,75781.0,82440.0,169326.0,73794.0,483813.0,57078.0,74194.0,102989.0,42388.0,108729.0,32220.0,217347.0,339874.0,50879.0,31547.0,2157.0,189412.0,183864.0,25683.0,1017982.0,35123.0
200710,13456.0,35652.0,53736.0,5969.0,214502.0,118965.0,93232.0,93881.0,190929.0,81122.0,512562.0,68763.0,88411.0,118512.0,57413.0,129513.0,39538.0,244665.0,385653.0,60773.0,30362.0,3655.0,219425.0,211654.0,31575.0,1114037.0,44051.0
200711,10572.0,35590.0,54047.0,10398.0,210569.0,124128.0,74086.0,92572.0,173577.0,77051.0,457754.0,65294.0,73646.0,128351.0,58177.0,129760.0,39438.0,235989.0,346513.0,57011.0,37141.0,2908.0,221717.0,208967.0,32122.0,1029932.0,39677.0
200712,7652.0,33937.0,53303.0,13877.0,202756.0,117705.0,58494.0,86158.0,136198.0,80334.0,388355.0,61459.0,62413.0,121962.0,51898.0,124946.0,39718.0,194177.0,316174.0,54073.0,29912.0,3850.0,194188.0,167424.0,30606.0,851789.0,27884.0
200801,8457.0,38282.0,77287.0,9107.0,223848.0,113871.0,69812.0,94468.0,165609.0,76203.0,458485.0,65910.0,74185.0,125806.0,57802.0,138629.0,36406.0,237020.0,352180.0,60736.0,25691.0,5564.0,220955.0,188733.0,33134.0,1028204.0,33036.0
200802,8675.0,32977.0,42181.0,7360.0,198666.0,91401.0,57359.0,87485.0,144551.0,62689.0,402782.0,58929.0,66208.0,104871.0,58541.0,125365.0,28712.0,230336.0,317254.0,53673.0,20925.0,4858.0,208475.0,187477.0,29530.0,1021902.0,29256.0
200803,6078.0,35662.0,56733.0,13530.0,202162.0,82105.0,61187.0,95606.0,144731.0,59277.0,429874.0,62311.0,68859.0,104410.0,56598.0,131963.0,25752.0,227151.0,340100.0,52746.0,26599.0,4369.0,206443.0,197396.0,29167.0,1028175.0,30511.0
200804,8368.0,39980.0,63010.0,6724.0,222230.0,84652.0,72894.0,99359.0,201717.0,66515.0,484463.0,65439.0,78322.0,113360.0,54107.0,141156.0,28851.0,244623.0,364548.0,51297.0,31491.0,5565.0,225882.0,216309.0,31974.0,1085962.0,37629.0
200805,11648.0,34089.0,61179.0,9963.0,226571.0,88592.0,74520.0,100512.0,186669.0,75316.0,498487.0,68618.0,74280.0,121369.0,56019.0,135009.0,31584.0,247408.0,368811.0,53162.0,34899.0,4825.0,218981.0,226470.0,29086.0,1097846.0,36796.0
200806,10911.0,32715.0,46974.0,10101.0,210861.0,99885.0,75426.0,105376.0,202288.0,73736.0,506647.0,72138.0,84655.0,124763.0,46593.0,112269.0,33405.0,246127.0,365331.0,54844.0,36232.0,3693.0,204735.0,224222.0,29332.0,1170535.0,36515.0
200807,12003.0,34859.0,72652.0,7768.0,235521.0,125601.0,84323.0,118590.0,234803.0,90155.0,559912.0,82637.0,103456.0,140932.0,57196.0,140272.0,44769.0,287988.0,412269.0,60888.0,48534.0,3922.0,239142.0,262822.0,32640.0,1270803.0,43649.0
200808,13273.0,36732.0,66121.0,11920.0,239336.0,122065.0,90292.0,122956.0,223675.0,92746.0,539832.0,70990.0,90203.0,136421.0,59179.0,139433.0,43518.0,248671.0,391080.0,59457.0,33365.0,4293.0,225818.0,248860.0,32745.0,1194518.0,45329.0
200809,11838.0,37753.0,87346.0,7539.0,250326.0,124340.0,90522.0,118946.0,227864.0,94415.0,576883.0,73662.0,97005.0,139405.0,62719.0,161268.0,44536.0,270025.0,370434.0,68018.0,39081.0,3131.0,250363.0,254899.0,35907.0,1175490.0,39840.0
200810,12887.0,43724.0,56694.0,11505.0,249756.0,131923.0,91401.0,124595.0,228085.0,92246.0,546723.0,72422.0,102567.0,152549.0,70134.0,170072.0,44828.0,278202.0,370647.0,64585.0,34094.0,4837.0,249948.0,249480.0,36448.0,1272776.0,45950.0
200811,7645.0,38241.0,71614.0,10349.0,216948.0,130250.0,75790.0,93808.0,193081.0,90225.0,476676.0,63729.0,82796.0,155094.0,63163.0,158634.0,43051.0,248402.0,338441.0,62440.0,30893.0,6646.0,230210.0,190635.0,34966.0,1140539.0,37101.0
200812,7362.0,41321.0,67442.0,10500.0,202112.0,133906.0,66187.0,102012.0,157543.0,89682.0,421590.0,57986.0,72421.0,140511.0,65732.0,163083.0,43664.0,235568.0,309581.0,63945.0,28984.0,8306.0,237590.0,206284.0,36485.0,989518.0,35133.0
200901,7212.0,39282.0,57070.0,11810.0,221999.0,121805.0,66824.0,90226.0,176151.0,87597.0,436293.0,55541.0,76018.0,118546.0,65392.0,157457.0,41765.0,233383.0,306247.0,58284.0,29450.0,3789.0,199662.0,210285.0,33959.0,990422.0,36028.0
200902,6669.0,33478.0,54492.0,4505.0,191375.0,94761.0,64058.0,83399.0,155509.0,65820.0,396914.0,50236.0,74738.0,89356.0,53551.0,128977.0,31952.0,217548.0,283758.0,51715.0,21202.0,4322.0,195022.0,199963.0,31184.0,942513.0,31811.0
200903,9647.0,41948.0,58917.0,9672.0,221545.0,93343.0,75891.0,94575.0,188291.0,73529.0,483839.0,57625.0,75011.0,86009.0,62268.0,159122.0,35917.0,268149.0,360756.0,56625.0,23438.0,6586.0,241787.0,231075.0,34535.0,1142459.0,43789.0
200904,7887.0,38575.0,57781.0,6741.0,200744.0,78375.0,67298.0,87976.0,179374.0,60861.0,478991.0,56675.0,68627.0,85484.0,51135.0,139260.0,29951.0,255275.0,327097.0,49219.0,30851.0,3765.0,228783.0,223196.0,32504.0,1091735.0,33436.0
200905,9374.0,33137.0,59290.0,7113.0,211897.0,85658.0,81417.0,91047.0,189722.0,74791.0,515822.0,58566.0,80772.0,91428.0,52819.0,141445.0,33250.0,246500.0,353812.0,49385.0,30705.0,3991.0,217827.0,227301.0,26627.0,1124855.0,40730.0
200906,9351.0,31802.0,58250.0,6048.0,215393.0,109614.0,80314.0,96520.0,204207.0,92624.0,513686.0,58508.0,83634.0,111282.0,53000.0,135358.0,44450.0,248216.0,348866.0,51296.0,33157.0,3566.0,221613.0,229390.0,29991.0,1129992.0,47101.0
200907,12593.0,39047.0,61630.0,8129.0,251828.0,135487.0,102385.0,106519.0,227886.0,112502.0,576387.0,59896.0,106560.0,120818.0,58296.0,161457.0,52255.0,255050.0,357718.0,57426.0,46931.0,7338.0,226357.0,231080.0,34055.0,1157173.0,48825.0
200908,13703.0,36258.0,61355.0,9164.0,249872.0,138674.0,98178.0,97899.0,208828.0,108962.0,557411.0,59722.0,94309.0,126907.0,62618.0,161217.0,54205.0,275936.0,340980.0,61581.0,52028.0,6946.0,220979.0,229331.0,30592.0,1183089.0,44550.0
200909,11207.0,40763.0,63019.0,9802.0,267420.0,146728.0,95439.0,104902.0,215777.0,122241.0,571514.0,63228.0,90908.0,132980.0,69872.0,169015.0,54034.0,269300.0,341918.0,64048.0,39746.0,4990.0,209868.0,216467.0,34860.0,1154859.0,40560.0
200910,13249.0,46242.0,83067.0,13503.0,263926.0,146172.0,93638.0,93831.0,215588.0,105851.0,542293.0,64044.0,91557.0,128394.0,68203.0,176694.0,53040.0,277768.0,329733.0,64685.0,56136.0,6286.0,255586.0,232457.0,38581.0,1229848.0,36123.0
200911,9583.0,45302.0,63231.0,13739.0,266105.0,140885.0,86774.0,100697.0,201328.0,109385.0,522365.0,59624.0,84618.0,133536.0,67340.0,177916.0,54494.0,286531.0,329229.0,66659.0,43751.0,6073.0,234473.0,237628.0,38620.0,1177581.0,33062.0
200912,10671.0,45238.0,66150.0,12503.0,263387.0,145983.0,79047.0,91233.0,173056.0,109423.0,436839.0,49662.0,71713.0,130804.0,70178.0,171020.0,51453.0,258412.0,286816.0,63555.0,44930.0,5412.0,233783.0,201227.0,39279.0,979775.0,31573.0
201001,10806.0,46449.0,61815.0,13688.0,262363.0,138520.0,80219.0,94941.0,183135.0,104353.0,503680.0,54036.0,72935.0,118184.0,66691.0,171600.0,50932.0,255093.0,312944.0,64792.0,41841.0,7224.0,218089.0,198686.0,37426.0,1053508.0,30470.0
201002,7550.0,41239.0,49654.0,8696.0,243671.0,130778.0,85365.0,87115.0,176275.0,95210.0,471305.0,54854.0,71644.0,110659.0,62169.0,152381.0,45143.0,252359.0,276977.0,58894.0,51530.0,7534.0,217799.0,202264.0,35885.0,1066271.0,31553.0
201003,13999.0,51021.0,72659.0,11639.0,294896.0,143283.0,103105.0,101674.0,217929.0,106280.0,578572.0,66686.0,91529.0,124857.0,73989.0,195572.0,50480.0,331161.0,344264.0,75285.0,66877.0,7626.0,274172.0,241177.0,44363.0,1316193.0,34995.0
201004,10883.0,46153.0,64381.0,8572.0,245168.0,125297.0,90761.0,97169.0,196222.0,90890.0,533165.0,63328.0,82698.0,107047.0,66595.0,171479.0,43785.0,296522.0,307211.0,67041.0,68114.0,6218.0,240049.0,215317.0,34346.0,1183106.0,41649.0
201005,12063.0,47980.0,63810.0,8742.0,284621.0,130266.0,103517.0,93959.0,216849.0,103744.0,560354.0,68015.0,94332.0,117699.0,67561.0,174310.0,51401.0,313794.0,356467.0,65230.0,74693.0,6211.0,235199.0,223331.0,38924.0,1271088.0,46038.0
201006,12514.0,39314.0,63905.0,14176.0,268126.0,148729.0,101609.0,99981.0,224206.0,114609.0,546486.0,69188.0,97843.0,138844.0,65345.0,175701.0,48648.0,321068.0,369496.0,63704.0,69723.0,6338.0,251884.0,238782.0,33763.0,1233481.0,43433.0
201007,18791.0,45354.0,64854.0,15360.0,270271.0,153951.0,105403.0,107528.0,247363.0,129681.0,601745.0,81537.0,112852.0,148287.0,73299.0,203870.0,62497.0,338081.0,374629.0,75670.0,88606.0,7085.0,250763.0,255631.0,38812.0,1225127.0,50079.0
201008,20986.0,51514.0,62407.0,14198.0,282262.0,178971.0,108029.0,116636.0,254223.0,120786.0,647700.0,75708.0,99976.0,150136.0,72335.0,211944.0,57589.0,349058.0,399587.0,74932.0,91828.0,7315.0,267189.0,257961.0,40815.0,1345003.0,53189.0
201009,15808.0,50908.0,70814.0,16247.0,293852.0,155598.0,106331.0,111909.0,258609.0,122791.0,628612.0,70757.0,93907.0,153064.0,72595.0,214065.0,55384.0,341011.0,393905.0,79151.0,79600.0,6640.0,253323.0,263827.0,41580.0,1299821.0,43757.0
201010,18127.0,50898.0,70916.0,12404.0,304568.0,149923.0,102258.0,108934.0,240714.0,127150.0,596227.0,69162.0,97158.0,158709.0,69115.0,223199.0,57195.0,326660.0,366444.0,74257.0,98639.0,6459.0,287265.0,267393.0,45091.0,1231045.0,37019.0
201011,18846.0,55138.0,71753.0,12009.0,304030.0,137036.0,93999.0,102700.0,228358.0,122642.0,544711.0,70414.0,108130.0,148366.0,71732.0,243761.0,58307.0,333032.0,365448.0,73831.0,103767.0,8807.0,285991.0,260253.0,43149.0,1223599.0,39748.0
201012,14332.0,57804.0,79148.0,15811.0,295281.0,201888.0,87008.0,100920.0,213644.0,140605.0,538872.0,69464.0,76336.0,164830.0,72743.0,269049.0,58174.0,291609.0,332539.0,77403.0,86207.0,8951.0,288589.0,228137.0,46128.0,1086738.0,35278.0
201101,11415.0,61858.0,71494.0,15404.0,287721.0,141567.0,90254.0,108195.0,203609.0,94426.0,516590.0,69038.0,79550.0,140059.0,92731.0,214807.0,59203.0,313591.0,328629.0,74006.0,86627.0,11753.0,258457.0,231765.0,45646.0,1046862.0,32445.0
201102,13360.0,60153.0,64471.0,11193.0,278180.0,115864.0,98661.0,107909.0,213322.0,104158.0,558484.0,65487.0,79407.0,134612.0,67200.0,177932.0,40233.0,308435.0,329562.0,61738.0,89239.0,10452.0,239847.0,226547.0,43796.0,1124482.0,30100.0
201103,12147.0,76210.0,72246.0,9357.0,280752.0,141204.0,103377.0,102815.0,211721.0,79061.0,556002.0,62968.0,83262.0,130483.0,89158.0,195635.0,46096.0,354219.0,332044.0,67017.0,70964.0,10200.0,292770.0,282090.0,46183.0,1189115.0,34206.0
201104,10035.0,59365.0,70211.0,11456.0,276020.0,139449.0,97920.0,100244.0,219587.0,95736.0,570738.0,67299.0,80809.0,130194.0,73795.0,174575.0,38262.0,321241.0,326855.0,63006.0,51254.0,8940.0,258432.0,243255.0,43550.0,1163951.0,30737.0
201105,13453.0,51659.0,78267.0,15365.0,311649.0,113440.0,112389.0,106539.0,257807.0,86758.0,676878.0,78552.0,103142.0,152468.0,72218.0,204844.0,47216.0,369826.0,370477.0,62958.0,79718.0,7316.0,296282.0,262534.0,45000.0,1353267.0,40127.0
201106,16209.0,55008.0,77957.0,12067.0,284493.0,136542.0,113662.0,109934.0,256634.0,97678.0,626571.0,80201.0,112599.0,159308.0,73324.0,197308.0,55116.0,366169.0,384873.0,66641.0,92461.0,6204.0,295748.0,264380.0,43706.0,1293030.0,41291.0
201107,15530.0,53624.0,69125.0,12195.0,315672.0,153277.0,116842.0,110294.0,256767.0,106713.0,638156.0,82136.0,115436.0,155651.0,59061.0,187852.0,57930.0,343894.0,383865.0,65665.0,95233.0,8290.0,280502.0,255091.0,46368.0,1307856.0,39823.0
201108,18462.0,63884.0,91194.0,13571.0,343997.0,167021.0,126830.0,116224.0,275628.0,117029.0,682660.0,92562.0,113211.0,186980.0,72088.0,231788.0,58394.0,355596.0,428420.0,74419.0,111497.0,7870.0,278658.0,251899.0,53442.0,1392359.0,45730.0
201109,19936.0,59893.0,86092.0,13957.0,337718.0,163692.0,128177.0,117165.0,273387.0,114554.0,647680.0,87281.0,112010.0,162849.0,89582.0,247553.0,58087.0,367288.0,389212.0,84194.0,101484.0,6693.0,284930.0,267564.0,51711.0,1314434.0,42797.0
201110,20238.0,65805.0,98275.0,13166.0,316069.0,145031.0,107386.0,95319.0,264747.0,115920.0,592732.0,83106.0,125508.0,155414.0,80600.0,215441.0,54599.0,365427.0,383725.0,70176.0,88575.0,6684.0,310394.0,277126.0,52252.0,1272955.0,49488.0
201111,14867.0,66635.0,81922.0,15633.0,283237.0,173692.0,97561.0,102359.0,252835.0,123896.0,577717.0,79173.0,111015.0,171352.0,88150.0,242116.0,55044.0,367294.0,387800.0,73094.0,85509.0,8833.0,311065.0,276719.0,49106.0,1277306.0,36702.0
201112,12670.0,68787.0,86757.0,18606.0,300385.0,126961.0,84831.0,94964.0,215663.0,146087.0,490780.0,75445.0,88125.0,176806.0,88341.0,206262.0,54842.0,341962.0,344792.0,74061.0,69009.0,9774.0,292092.0,248840.0,58722.0,1136326.0,34885.0
201201,9683.0,72505.0,81889.0,16481.0,322696.0,142397.0,85611.0,110465.0,201406.0,112020.0,523094.0,72993.0,94775.0,159573.0,88070.0,223244.0,49244.0,357265.0,358567.0,76824.0,76504.0,9914.0,294069.0,254813.0,54430.0,1134419.0,38254.0
201202,10019.0,70893.0,78002.0,16803.0,280763.0,143499.0,100739.0,108596.0,213861.0,101538.0,538500.0,75727.0,92504.0,145702.0,84384.0,201890.0,56201.0,353838.0,341167.0,71789.0,71465.0,9563.0,271544.0,263264.0,54859.0,1195570.0,33022.0
201203,9847.0,89431.0,81959.0,14899.0,347041.0,160587.0,110615.0,125467.0,260800.0,120242.0,629774.0,85555.0,108640.0,167042.0,102052.0,259377.0,53705.0,398920.0,413334.0,85293.0,60310.0,9217.0,299910.0,291302.0,60825.0,1395858.0,41822.0
201204,14828.0,73884.0,61107.0,18744.0,301687.0,116653.0,94425.0,110051.0,239530.0,87994.0,565656.0,77221.0,106386.0,141187.0,86964.0,228092.0,45347.0,349449.0,355482.0,70589.0,59470.0,8291.0,280566.0,246351.0,59199.0,1199755.0,37661.0
201205,14321.0,75662.0,97398.0,17009.0,317338.0,163844.0,112450.0,100214.0,275540.0,115596.0,623271.0,92229.0,125594.0,171029.0,93287.0,244391.0,57492.0,403551.0,419136.0,77630.0,83207.0,9572.0,324204.0,298866.0,59829.0,1339696.0,45791.0
201206,14078.0,60902.0,70266.0,17839.0,291015.0,152401.0,106072.0,111584.0,263354.0,136142.0,586932.0,75154.0,109031.0,172625.0,79642.0,199660.0,55951.0,319230.0,384891.0,71426.0,78851.0,7885.0,291989.0,256136.0,55237.0,1121823.0,45696.0
201207,16477.0,60518.0,97903.0,29446.0,303688.0,179893.0,120633.0,119138.0,285048.0,130392.0,634043.0,94693.0,118218.0,183172.0,89501.0,214103.0,59477.0,394116.0,435636.0,83801.0,87357.0,7461.0,289212.0,273433.0,49947.0,1336174.0,45949.0
201208,17237.0,64379.0,84966.0,24859.0,328913.0,157767.0,124457.0,113912.0,304636.0,142590.0,681586.0,101556.0,139042.0,183430.0,106453.0,242041.0,61611.0,444552.0,458944.0,95780.0,103474.0,9928.0,325603.0,308092.0,48731.0,1491696.0,50708.0
201209,17098.0,64240.0,95924.0,28779.0,304092.0,148487.0,116068.0,108664.0,256993.0,127100.0,614072.0,85395.0,121054.0,182637.0,90521.0,213905.0,57841.0,379035.0,393089.0,80156.0,76909.0,6799.0,252327.0,264483.0,49443.0,1272396.0,44096.0
201210,18616.0,73016.0,87178.0,29925.0,344744.0,203179.0,115278.0,127674.0,298108.0,163534.0,650068.0,88491.0,144051.0,168218.0,98089.0,244302.0,68449.0,396572.0,433678.0,85023.0,81917.0,6685.0,298282.0,304170.0,53912.0,1343556.0,44344.0
201211,19385.0,74154.0,79674.0,22249.0,312801.0,172222.0,94259.0,113995.0,241450.0,140197.0,569608.0,87067.0,115581.0,198949.0,100169.0,237460.0,62092.0,395809.0,391653.0,85182.0,84588.0,7509.0,313289.0,276773.0,51322.0,1292897.0,42572.0
201212,11905.0,65280.0,78666.0,24087.0,289544.0,162812.0,81060.0,104980.0,220807.0,151425.0,527422.0,72543.0,106663.0,169346.0,84305.0,219765.0,60126.0,330632.0,348055.0,77938.0,69449.0,7242.0,246794.0,230627.0,48350.0,1035843.0,38768.0
201301,13358.0,73974.0,77124.0,19544.0,327490.0,178673.0,82233.0,122398.0,233819.0,141106.0,560056.0,80967.0,119931.0,197302.0,104554.0,248815.0,59030.0,377297.0,368855.0,83158.0,71963.0,8872.0,299585.0,287056.0,53319.0,1158184.0,39734.0
201302,10744.0,63596.0,62791.0,22741.0,288031.0,145178.0,81920.0,114009.0,222267.0,98573.0,513715.0,78856.0,97040.0,152624.0,91518.0,219363.0,48789.0,339283.0,338512.0,72593.0,63171.0,9111.0,270936.0,260528.0,45520.0,1125612.0,34634.0
201303,14485.0,72665.0,109019.0,25145.0,317118.0,134031.0,88607.0,115432.0,234942.0,102713.0,553798.0,79126.0,109860.0,175476.0,100642.0,251351.0,52454.0,353113.0,376414.0,80256.0,67048.0,11886.0,269996.0,265596.0,51545.0,1245517.0,36665.0
201304,14621.0,71362.0,77024.0,22572.0,320980.0,143115.0,97741.0,117022.0,264062.0,134120.0,623269.0,83545.0,125695.0,170566.0,98898.0,254150.0,56163.0,417807.0,428665.0,79004.0,55862.0,13366.0,310597.0,310249.0,51682.0,1291043.0,42681.0
201305,15229.0,62454.0,76369.0,21952.0,332452.0,162691.0,99703.0,112801.0,281799.0,110967.0,623440.0,93401.0,137153.0,197499.0,98165.0,242668.0,63680.0,390998.0,423907.0,73572.0,77398.0,9793.0,298972.0,314468.0,42753.0,1302749.0,45626.0
201306,13572.0,56918.0,115120.0,20633.0,278575.0,160042.0,94269.0,114576.0,264866.0,128004.0,580818.0,79391.0,139692.0,174928.0,86193.0,205044.0,63422.0,321551.0,419748.0,74461.0,71219.0,8558.0,263791.0,259332.0,41322.0,1212871.0,44160.0
201307,14862.0,59718.0,97534.0,18092.0,340828.0,185124.0,111379.0,126325.0,302427.0,152977.0,678442.0,89840.0,155522.0,222278.0,103220.0,239702.0,70735.0,410332.0,442922.0,80092.0,81103.0,9703.0,310117.0,311726.0,47796.0,1341764.0,48037.0
201308,21954.0,60978.0,75820.0,19537.0,370848.0,206687.0,122789.0,122029.0,297689.0,139219.0,680488.0,96235.0,158920.0,179082.0,107230.0,256306.0,72838.0,428494.0,469707.0,85507.0,77081.0,9367.0,284763.0,290193.0,50951.0,1423640.0,48247.0
201309,19974.0,65895.0,63070.0,14595.0,355831.0,184866.0,105602.0,114448.0,300093.0,138733.0,652390.0,92470.0,153093.0,211698.0,107627.0,272593.0,74408.0,410278.0,426004.0,83962.0,73869.0,9775.0,290774.0,296088.0,51242.0,1338662.0,50264.0
201310,21355.0,73594.0,116893.0,15461.0,369849.0,190547.0,109042.0,129924.0,307120.0,143257.0,682758.0,89776.0,164938.0,216306.0,121327.0,282662.0,72485.0,404608.0,458546.0,87210.0,73104.0,9853.0,323114.0,326218.0,53111.0,1362289.0,53898.0
201311,20172.0,68060.0,101635.0,22239.0,346788.0,190100.0,88838.0,105720.0,265977.0,148120.0,590151.0,90520.0,149627.0,214322.0,106266.0,265250.0,69970.0,403326.0,391296.0,79636.0,65958.0,11224.0,308596.0,305101.0,52726.0,1225032.0,46504.0
201312,13346.0,62161.0,64207.0,28008.0,284115.0,184335.0,69946.0,83619.0,206717.0,125336.0,486646.0,74481.0,107186.0,206527.0,97804.0,244117.0,74805.0,321629.0,319901.0,74719.0,48894.0,10406.0,274479.0,239672.0,48372.0,1061934.0,34784.0
201401,14602.0,72995.0,63088.0,20083.0,343750.0,157986.0,88303.0,106856.0,245793.0,109760.0,576568.0,84582.0,121666.0,173385.0,105395.0,251834.0,60775.0,369625.0,395560.0,77969.0,54117.0,10334.0,275082.0,278834.0,53798.0,1208952.0,34022.0
201402,17681.0,78386.0,80430.0,18254.0,362707.0,192846.0,86359.0,112449.0,269698.0,131005.0,625432.0,82582.0,134996.0,194793.0,122635.0,280855.0,68954.0,364690.0,391870.0,90176.0,59150.0,9723.0,290431.0,269690.0,55907.0,1212179.0,39423.0
201403,6222.0,70339.0,81788.0,14837.0,348377.0,177432.0,80107.0,117042.0,253273.0,112690.0,649394.0,80368.0,122594.0,178547.0,109158.0,260913.0,67091.0,385862.0,400356.0,84086.0,57345.0,10850.0,303414.0,301859.0,54908.0,1270981.0,35664.0
201404,18829.0,68117.0,72995.0,18106.0,316831.0,181792.0,84228.0,121619.0,260760.0,126768.0,646918.0,80047.0,126525.0,217998.0,109628.0,255103.0,67586.0,358289.0,394739.0,92183.0,56187.0,11072.0,296811.0,287623.0,53475.0,1282878.0,38250.0
201405,16499.0,60946.0,46056.0,25047.0,360879.0,218147.0,90895.0,124068.0,303247.0,117345.0,721188.0,89219.0,146984.0,191981.0,114262.0,251169.0,78441.0,407751.0,430492.0,93672.0,63403.0,9501.0,321450.0,318335.0,53849.0,1292771.0,45384.0
201406,15178.0,55187.0,96525.0,15795.0,302072.0,194505.0,78063.0,107322.0,270923.0,125040.0,642243.0,86202.0,130134.0,193204.0,98235.0,209407.0,74829.0,355172.0,353003.0,86553.0,73497.0,11617.0,260947.0,272822.0,47496.0,1167070.0,45087.0
201407,22065.0,62205.0,58639.0,19112.0,362601.0,245934.0,95077.0,130760.0,305678.0,151260.0,708274.0,89124.0,158799.0,212295.0,120625.0,254967.0,87694.0,422720.0,440878.0,95750.0,73696.0,10944.0,293558.0,333911.0,52244.0,1295940.0,53069.0
201408,19242.0,58804.0,96194.0,28237.0,361533.0,252316.0,91901.0,128048.0,295812.0,168172.0,713702.0,96403.0,159567.0,207853.0,116514.0,236863.0,86327.0,413943.0,454365.0,93185.0,72366.0,11447.0,313526.0,330394.0,50540.0,1333754.0,51399.0
201409,23464.0,63077.0,59788.0,29245.0,396437.0,259590.0,100207.0,127463.0,313652.0,167879.0,733113.0,97417.0,159547.0,222453.0,117817.0,243733.0,89731.0,386645.0,470872.0,100075.0,75142.0,11006.0,321810.0,331265.0,55689.0,1347628.0,56507.0
201410,19835.0,68577.0,94092.0,27453.0,401830.0,265342.0,104840.0,126163.0,317006.0,164017.0,724279.0,99202.0,163868.0,225625.0,129304.0,258366.0,95134.0,412891.0,465635.0,105152.0,73101.0,13322.0,314755.0,347797.0,59853.0,1391677.0,62047.0
201411,21601.0,72559.0,53720.0,27780.0,356097.0,242444.0,86502.0,115475.0,259291.0,157151.0,613799.0,80488.0,144145.0,228943.0,114337.0,234085.0,86765.0,383833.0,402700.0,96391.0,62809.0,11245.0,302292.0,313927.0,53096.0,1201546.0,52559.0
201412,15832.0,62390.0,57359.0,30408.0,337548.0,255148.0,69596.0,107877.0,207747.0,148655.0,557007.0,70777.0,92835.0,210489.0,105985.0,226321.0,86494.0,321913.0,355798.0,95672.0,51082.0,8592.0,272006.0,264734.0,56542.0,1011146.0,47649.0
201501,10781.0,57164.0,52653.0,15525.0,317765.0,184119.0,69535.0,93012.0,217498.0,104733.0,525105.0,76759.0,98330.0,178047.0,102133.0,203280.0,68445.0,319537.0,328434.0,76706.0,43969.0,12845.0,251145.0,266119.0,51980.0,1006823.0,43026.0
201502,18631.0,65022.0,99260.0,16920.0,359438.0,223927.0,75129.0,105552.0,258765.0,137766.0,627717.0,83237.0,122950.0,198319.0,116700.0,242066.0,86346.0,365643.0,372398.0,86994.0,56610.0,9759.0,270996.0,276558.0,58223.0,1111539.0,47203.0
201503,14777.0,65016.0,42052.0,16351.0,378031.0,197279.0,72162.0,113318.0,255725.0,105347.0,651834.0,91710.0,134931.0,192792.0,100902.0,237113.0,78390.0,419131.0,404283.0,78992.0,50875.0,9856.0,341590.0,329931.0,65425.0,1202951.0,45498.0
201504,13611.0,53814.0,97889.0,16119.0,303315.0,172931.0,64285.0,104319.0,221936.0,96104.0,596613.0,85377.0,106063.0,167150.0,90354.0,215936.0,67061.0,372724.0,364253.0,72453.0,42192.0,9468.0,282191.0,284080.0,51473.0,1152251.0,42277.0
201505,16117.0,49929.0,56390.0,13855.0,316094.0,208089.0,70054.0,100004.0,244930.0,101534.0,626130.0,90393.0,131003.0,179879.0,87950.0,215320.0,82518.0,378877.0,381638.0,75853.0,48218.0,11937.0,288807.0,253608.0,50144.0,1189279.0,52137.0
201506,16339.0,41744.0,56425.0,13142.0,304782.0,221808.0,71813.0,102328.0,265023.0,105247.0,626394.0,93928.0,143270.0,194350.0,82003.0,185526.0,87803.0,393042.0,377080.0,71141.0,50789.0,8438.0,272573.0,295639.0,47859.0,1191943.0,55171.0
201507,18941.0,44337.0,53669.0,20199.0,350650.0,240917.0,83044.0,129416.0,284794.0,119953.0,561989.0,89887.0,156269.0,205508.0,91563.0,196313.0,97367.0,358553.0,417635.0,73757.0,55824.0,15279.0,244763.0,283046.0,50122.0,1199758.0,55496.0
201508,18967.0,49858.0,76548.0,22372.0,346748.0,231904.0,72040.0,123271.0,266305.0,114554.0,494133.0,93871.0,144579.0,211647.0,93003.0,205217.0,96398.0,403875.0,359578.0,75672.0,51939.0,12303.0,284956.0,303498.0,52805.0,1131912.0,53801.0
201509,20924.0,51149.0,59783.0,22501.0,358703.0,228548.0,73042.0,120044.0,268194.0,111012.0,465763.0,81404.0,142642.0,208421.0,98110.0,206380.0,89653.0,371571.0,334858.0,72539.0,55288.0,10868.0,251168.0,278742.0,57106.0,1037336.0,56024.0
201510,20363.0,52656.0,80269.0,19856.0,361571.0,239349.0,69056.0,121939.0,268335.0,127530.0,487701.0,87328.0,138150.0,204222.0,98927.0,205342.0,86828.0,380143.0,330024.0,70133.0,49204.0,12857.0,265937.0,249241.0,56419.0,1129839.0,59139.0
201511,16027.0,42501.0,60089.0,21145.0,333394.0,214106.0,57739.0,112262.0,220665.0,118563.0,408303.0,70505.0,104756.0,182339.0,93897.0,184442.0,83268.0,295438.0,294085.0,70074.0,42726.0,10157.0,250174.0,240739.0,54081.0,918675.0,51682.0
201512,19027.0,39137.0,68085.0,15802.0,290918.0,207243.0,50941.0,104167.0,197499.0,113426.0,396658.0,63011.0,90787.0,172796.0,84860.0,173109.0,82586.0,281653.0,270730.0,70581.0,35764.0,9416.0,237822.0,206810.0,48408.0,867433.0,48122.0
201601,32110.0,38458.0,10150.0,149602.0,280877.0,176773.0,51352.0,105916.0,191021.0,90869.0,416150.0,72192.0,94542.0,9349.0,82527.0,167306.0,70530.0,314065.0,259035.0,65712.0,302559.0,63261.0,251978.0,238008.0,42646.0,931221.0,15917.0
201602,34825.0,40282.0,13800.0,151880.0,254568.0,187312.0,47472.0,98740.0,158987.0,92763.0,339621.0,71209.0,86543.0,10847.0,81529.0,166290.0,71133.0,324706.0,258112.0,68895.0,326083.0,35374.0,254252.0,238707.0,42366.0,846931.0,13267.0
201603,34328.0,44091.0,10761.0,156611.0,318235.0,186485.0,53140.0,114766.0,202024.0,87250.0,466774.0,80651.0,101239.0,10860.0,88634.0,179553.0,72852.0,364253.0,285101.0,75639.0,308467.0,38719.0,259395.0,259546.0,46780.0,966819.0,10085.0
201604,35450.0,39374.0,12340.0,149708.0,291591.0,176721.0,51202.0,105856.0,200155.0,86571.0,415069.0,78682.0,105285.0,8949.0,77381.0,170348.0,73269.0,349941.0,280296.0,69032.0,333933.0,66998.0,224342.0,240803.0,51989.0,979179.0,11503.0
201605,36695.0,40904.0,12832.0,158758.0,276598.0,190157.0,52695.0,106286.0,205413.0,94443.0,439446.0,76891.0,111810.0,9679.0,80817.0,164996.0,73350.0,304772.0,281139.0,69072.0,332721.0,52881.0,251984.0,248709.0,48826.0,928343.0,13391.0
201606,36606.0,38419.0,13952.0,175131.0,250321.0,202906.0,55321.0,108974.0,212790.0,95000.0,440616.0,80194.0,115567.0,9955.0,76445.0,167532.0,75075.0,329430.0,267397.0,72400.0,350760.0,50305.0,262133.0,256686.0,45065.0,926407.0,12194.0
201607,40673.0,39849.0,14225.0,170586.0,281828.0,208659.0,63858.0,108969.0,223793.0,100278.0,429457.0,96613.0,127053.0,9770.0,84929.0,178598.0,82175.0,382585.0,263114.0,71696.0,354304.0,48796.0,252646.0,274760.0,46401.0,1052710.0,13915.0
201608,40519.0,38757.0,16078.0,175167.0,283825.0,206965.0,56542.0,119374.0,217446.0,97036.0,468183.0,85369.0,113457.0,10965.0,82776.0,177848.0,79132.0,323510.0,248575.0,70312.0,360013.0,52316.0,245702.0,239951.0,44125.0,948102.0,12302.0
201609,35289.0,37084.0,14524.0,170954.0,267564.0,195841.0,52137.0,113403.0,214193.0,98001.0,438992.0,83945.0,107828.0,8888.0,81529.0,169701.0,79162.0,335874.0,237193.0,65712.0,348372.0,51626.0,233952.0,249705.0,41639.0,906557.0,18278.0
201610,37441.0,35353.0,14342.0,182802.0,259186.0,188222.0,48286.0,109032.0,190495.0,104152.0,417542.0,78525.0,102958.0,10463.0,73628.0,163018.0,76509.0,295163.0,218805.0,61702.0,359769.0,52073.0,216512.0,222248.0,41987.0,848900.0,17107.0
201611,34310.0,38823.0,14289.0,171904.0,261283.0,203406.0,43363.0,99660.0,174517.0,108978.0,380746.0,84256.0,99300.0,8548.0,77286.0,171443.0,79453.0,337699.0,219024.0,66370.0,344782.0,52048.0,248864.0,250074.0,45587.0,875056.0,20196.0
201612,32447.0,40483.0,11401.0,148917.0,269539.0,204557.0,42329.0,99117.0,167738.0,101536.0,363966.0,64323.0,78635.0,9565.0,74255.0,163938.0,76155.0,279028.0,203375.0,66364.0,318506.0,53390.0,221927.0,203499.0,47599.0,771507.0,17739.0
201701,10406.0,38666.0,61287.0,12495.0,271530.0,183792.0,45454.0,99131.0,168182.0,87564.0,390594.0,73279.0,83130.0,135014.0,70672.0,177729.0,72379.0,311636.0,196955.0,57594.0,29715.0,8438.0,218098.0,220479.0,44274.0,729273.0,42290.0
201702,9081.0,32321.0,44068.0,8322.0,213266.0,134739.0,35599.0,77958.0,146310.0,66661.0,338767.0,66462.0,65293.0,116872.0,58962.0,143388.0,54656.0,280736.0,175917.0,52722.0,29662.0,6557.0,196675.0,211861.0,37579.0,757915.0,33787.0
201703,9545.0,41937.0,62847.0,11373.0,285938.0,151819.0,49981.0,105434.0,191374.0,78801.0,419962.0,79514.0,90338.0,131959.0,73459.0,188227.0,69984.0,352332.0,208629.0,63109.0,31408.0,8184.0,251395.0,258760.0,48016.0,923634.0,41594.0
201704,10130.0,31982.0,30374.0,9651.0,219576.0,124858.0,39881.0,86699.0,164318.0,67256.0,387800.0,63281.0,83188.0,116171.0,59150.0,143049.0,58643.0,280856.0,181933.0,49356.0,29484.0,8092.0,199081.0,211393.0,38263.0,756663.0,36019.0
201705,14451.0,28499.0,60003.0,10855.0,267203.0,162684.0,48598.0,90574.0,211049.0,84280.0,391122.0,77205.0,107230.0,132242.0,64833.0,148068.0,72337.0,319397.0,187947.0,55725.0,33601.0,7806.0,220793.0,249531.0,40413.0,872715.0,45143.0
201706,13218.0,22626.0,81014.0,13970.0,240714.0,169251.0,49942.0,85148.0,198789.0,86501.0,409739.0,71168.0,105397.0,135615.0,63840.0,133872.0,70968.0,295932.0,181556.0,50796.0,36905.0,10831.0,211546.0,231359.0,34053.0,844988.0,41704.0
201707,13552.0,21340.0,64862.0,12399.0,250101.0,179243.0,53235.0,86678.0,205551.0,88780.0,413460.0,80517.0,120055.0,136117.0,61721.0,131464.0,75913.0,354558.0,185846.0,48750.0,36094.0,7703.0,244680.0,265999.0,36174.0,910653.0,45710.0
201708,15826.0,26848.0,49885.0,11268.0,277528.0,194134.0,59290.0,100174.0,230558.0,86195.0,497019.0,81348.0,125769.0,136475.0,69240.0,151370.0,74774.0,360106.0,200671.0,59738.0,42556.0,8956.0,252183.0,277169.0,38394.0,937696.0,45564.0
201709,14869.0,28074.0,53130.0,8741.0,270092.0,186948.0,54875.0,89777.0,209621.0,84121.0,476478.0,76509.0,112904.0,125300.0,70048.0,154276.0,72484.0,350123.0,207913.0,60303.0,41193.0,8626.0,249403.0,245824.0,35688.0,871611.0,43754.0
201710,14734.0,29941.0,57796.0,12358.0,278146.0,194907.0,57520.0,94810.0,210984.0,88187.0,421395.0,71851.0,123201.0,132627.0,67172.0,153331.0,71534.0,288254.0,188107.0,51009.0,37053.0,6735.0,208299.0,244227.0,42076.0,795853.0,48554.0
201711,12754.0,28977.0,47026.0,11876.0,257458.0,179505.0,49573.0,93446.0,189889.0,79514.0,413641.0,71187.0,112725.0,135172.0,64220.0,152600.0,70320.0,301687.0,193661.0,48874.0,33527.0,9161.0,238414.0,263751.0,39875.0,804767.0,40896.0
201712,11925.0,31580.0,74919.0,11713.0,231748.0,173278.0,40698.0,87540.0,143721.0,74061.0,338033.0,58020.0,90828.0,131376.0,63021.0,136567.0,67364.0,268901.0,175783.0,48506.0,25616.0,8634.0,213179.0,211136.0,38984.0,712733.0,35255.0
201801,13114.0,29991.0,34733.0,11449.0,268336.0,160261.0,47195.0,96706.0,176275.0,64818.0,431028.0,63194.0,96360.0,111175.0,62639.0,144855.0,59688.0,274431.0,185078.0,42721.0,25221.0,7115.0,221534.0,219002.0,41652.0,763665.0,34018.0
201802,8920.0,26820.0,15022.0,7805.0,223453.0,113987.0,43527.0,74086.0,152632.0,44254.0,305105.0,60580.0,86444.0,80970.0,53839.0,126352.0,40259.0,298219.0,146761.0,32801.0,23321.0,2781.0,212139.0,234275.0,33904.0,727397.0,22422.0
201803,9724.0,29446.0,20879.0,7726.0,241464.0,114289.0,45488.0,92676.0,177876.0,52169.0,402406.0,69448.0,94285.0,92173.0,56652.0,138148.0,41239.0,328955.0,173121.0,37638.0,23927.0,7490.0,228994.0,249920.0,29447.0,855245.0,29555.0
201804,9737.0,27666.0,36409.0,8516.0,238901.0,117313.0,44960.0,82865.0,181384.0,53399.0,419419.0,74472.0,98986.0,86782.0,53408.0,129978.0,45035.0,335039.0,169841.0,37358.0,24561.0,7043.0,226827.0,246326.0,29197.0,855042.0,28919.0
201805,10136.0,22013.0,22277.0,8503.0,191989.0,110502.0,36721.0,71180.0,160120.0,45364.0,336054.0,63776.0,88072.0,85150.0,50543.0,109083.0,42477.0,260723.0,142706.0,31339.0,20135.0,4877.0,186855.0,198778.0,26297.0,648867.0,25589.0
201806,14403.0,28025.0,20529.0,10175.0,272452.0,147996.0,54463.0,108826.0,236951.0,67103.0,568395.0,81732.0,141010.0,135094.0,64699.0,147440.0,57619.0,366929.0,242422.0,45311.0,34837.0,7031.0,253021.0,285970.0,29209.0,1003807.0,40237.0
201807,12871.0,25648.0,37061.0,11775.0,261009.0,152386.0,51462.0,105694.0,206557.0,61062.0,541488.0,83858.0,122652.0,132351.0,60219.0,132500.0,53109.0,353426.0,226205.0,42085.0,34338.0,5988.0,194988.0,262597.0,28158.0,855104.0,37012.0
201808,15749.0,31782.0,23387.0,9724.0,292688.0,177259.0,58854.0,107106.0,224270.0,73445.0,537851.0,87863.0,142145.0,133744.0,64217.0,158533.0,63141.0,344937.0,229696.0,48520.0,39293.0,7275.0,244406.0,277811.0,31132.0,913329.0,38793.0
201809,14269.0,27768.0,38399.0,10069.0,258881.0,155913.0,53940.0,101893.0,213871.0,69471.0,526265.0,69723.0,121124.0,128527.0,57591.0,133813.0,55580.0,302082.0,232624.0,41365.0,41610.0,9468.0,201372.0,235885.0,30195.0,849262.0,38281.0
201810,15367.0,33073.0,39652.0,13930.0,276879.0,172410.0,51514.0,110551.0,211066.0,83004.0,559293.0,72765.0,130503.0,147510.0,64307.0,155827.0,60001.0,294467.0,234262.0,43813.0,43544.0,7970.0,251369.0,272671.0,31537.0,897883.0,39711.0
201811,14595.0,30389.0,40204.0,11918.0,255774.0,179419.0,42635.0,100587.0,182899.0,77332.0,466646.0,77937.0,104115.0,138511.0,61971.0,146197.0,62767.0,336029.0,217727.0,43816.0,35658.0,7866.0,242782.0,278592.0,30748.0,860059.0,33695.0
201812,9811.0,27657.0,21625.0,11757.0,208326.0,157165.0,40371.0,94220.0,159002.0,58591.0,416049.0,64332.0,90690.0,103294.0,57480.0,122278.0,45308.0,278117.0,190769.0,38245.0,29693.0,8108.0,201288.0,214658.0,30734.0,771417.0,28206.0
201901,11188.0,32388.0,42731.0,9691.0,291428.0,151601.0,48990.0,111377.0,178918.0,70660.0,501489.0,77048.0,102685.0,110704.0,68053.0,149983.0,57142.0,323005.0,232609.0,46081.0,32559.0,9908.0,226547.0,252700.0,36567.0,860232.0,31615.0
201902,10381.0,30378.0,36026.0,7378.0,249430.0,129537.0,44726.0,98614.0,161936.0,50796.0,460699.0,65660.0,96144.0,91638.0,55231.0,123483.0,46283.0,291453.0,195364.0,38703.0,24910.0,10723.0,228500.0,246146.0,30849.0,773607.0,30275.0
201903,8080.0,30641.0,34609.0,6970.0,241612.0,105236.0,44491.0,94022.0,173792.0,47834.0,445583.0,65445.0,102197.0,90744.0,53723.0,125104.0,43390.0,300203.0,205690.0,36037.0,28713.0,10625.0,223896.0,255873.0,31021.0,790146.0,29568.0
201904,11154.0,32337.0,40787.0,7612.0,252303.0,110835.0,43901.0,91546.0,176627.0,45327.0,509271.0,78095.0,106712.0,82108.0,57457.0,129633.0,40824.0,317058.0,231354.0,38430.0,32660.0,10593.0,234132.0,273299.0,31437.0,886929.0,26940.0
201905,12508.0,36405.0,39823.0,8442.0,281912.0,127925.0,55019.0,95674.0,207991.0,54032.0,532602.0,80998.0,124057.0,97490.0,62755.0,138233.0,55063.0,314142.0,236711.0,44471.0,31635.0,10681.0,207586.0,270918.0,31533.0,941600.0,35910.0
201906,12126.0,22499.0,39957.0,8835.0,200213.0,127138.0,50942.0,88927.0,185784.0,60657.0,500905.0,69415.0,124625.0,96803.0,48148.0,109657.0,56474.0,301878.0,215360.0,37884.0,35142.0,7887.0,228583.0,256605.0,26431.0,817301.0,33954.0
201907,14496.0,27961.0,52048.0,11251.0,270511.0,157128.0,63992.0,105688.0,234176.0,67250.0,588495.0,87346.0,133116.0,118687.0,62190.0,128809.0,68133.0,358797.0,258015.0,51585.0,36419.0,9751.0,234565.0,303526.0,25978.0,957289.0,37983.0
201908,16723.0,32378.0,53567.0,11342.0,281466.0,164440.0,64127.0,104711.0,226996.0,70773.0,589349.0,82888.0,144310.0,109761.0,62219.0,140408.0,68642.0,356169.0,244870.0,54306.0,40300.0,9654.0,249519.0,299284.0,29860.0,978990.0,40046.0
201909,15253.0,32582.0,46239.0,13110.0,285535.0,140298.0,60822.0,97530.0,218141.0,67010.0,543982.0,79287.0,140357.0,120188.0,61329.0,134634.0,64741.0,316188.0,225410.0,52511.0,35493.0,9422.0,230086.0,284550.0,39045.0,906956.0,32647.0
201910,16531.0,42703.0,51066.0,13195.0,328259.0,168407.0,65182.0,99651.0,234939.0,81128.0,614074.0,81855.0,152769.0,131620.0,81988.0,189040.0,71269.0,346214.0,252849.0,59472.0,38489.0,11160.0,233136.0,307576.0,45213.0,980948.0,39065.0
201911,15206.0,38584.0,51684.0,10053.0,298078.0,163615.0,51282.0,76710.0,199619.0,81737.0,557419.0,77495.0,124038.0,125374.0,79341.0,166406.0,67631.0,323401.0,226618.0,54022.0,35591.0,10491.0,233800.0,281317.0,42237.0,872046.0,36180.0
201912,10160.0,36503.0,44907.0,12274.0,264838.0,155070.0,43554.0,75456.0,168797.0,76841.0,412582.0,56612.0,95054.0,115811.0,76646.0,155456.0,62845.0,238466.0,190993.0,49791.0,27530.0,10225.0,223214.0,226233.0,39732.0,692232.0,28749.0
