data,estados,previsao,dado_real,regiao
2017-07-01,AC,14303.638,13552.0,NORTE
2017-07-01,AL,34055.504,21340.0,NORDESTE
2017-07-01,AM,64880.254,64862.0,NORTE
2017-07-01,AP,15870.855,12399.0,NORTE
2017-07-01,BA,241940.62,250101.0,NORDESTE
2017-07-01,CE,141875.34,179243.0,NORDESTE
2017-07-01,DF,48692.414,53235.0,CENTRO OESTE
2017-07-01,ES,80743.64,86678.0,SUDESTE
2017-07-01,GO,193929.5,205551.0,CENTRO OESTE
2017-07-01,MA,73840.664,88780.0,NORDESTE
2017-07-01,MG,434150.75,413460.0,SUDESTE
2017-07-01,MS,86006.07,80517.0,CENTRO OESTE
2017-07-01,MT,116812.6,120055.0,CENTRO OESTE
2017-07-01,PA,120027.18,136117.0,NORTE
2017-07-01,PB,58714.97,61721.0,NORDESTE
2017-07-01,PE,137131.16,131464.0,NORDESTE
2017-07-01,PI,50287.656,75913.0,NORDESTE
2017-07-01,PR,330819.8,354558.0,SUL
2017-07-01,RJ,224736.27,185846.0,SUDESTE
2017-07-01,RN,56923.11,48750.0,NORDESTE
2017-07-01,RO,39626.492,36094.0,NORTE
2017-07-01,RR,7223.5913,7703.0,NORTE
2017-07-01,RS,221009.88,244680.0,SUL
2017-07-01,SC,205097.81,265999.0,SUL
2017-07-01,SE,32043.994,36174.0,NORDESTE
2017-07-01,SP,865670.2,910653.0,SUDESTE
2017-07-01,TO,37091.65,45710.0,NORTE
2017-08-01,AC,13333.73,15826.0,NORTE
2017-08-01,AL,34197.33,26848.0,NORDESTE
2017-08-01,AM,50993.617,49885.0,NORTE
2017-08-01,AP,10999.567,11268.0,NORTE
2017-08-01,BA,274660.12,277528.0,NORDESTE
2017-08-01,CE,132530.44,194134.0,NORDESTE
2017-08-01,DF,54248.984,59290.0,CENTRO OESTE
2017-08-01,ES,80091.38,100174.0,SUDESTE
2017-08-01,GO,197900.19,230558.0,CENTRO OESTE
2017-08-01,MA,70758.7,86195.0,NORDESTE
2017-08-01,MG,410254.38,497019.0,SUDESTE
2017-08-01,MS,63657.29,81348.0,CENTRO OESTE
2017-08-01,MT,90625.27,125769.0,CENTRO OESTE
2017-08-01,PA,130532.63,136475.0,NORTE
2017-08-01,PB,68315.85,69240.0,NORDESTE
2017-08-01,PE,151583.62,151370.0,NORDESTE
2017-08-01,PI,50986.65,74774.0,NORDESTE
2017-08-01,PR,322922.38,360106.0,SUL
2017-08-01,RJ,220277.12,200671.0,SUDESTE
2017-08-01,RN,56732.285,59738.0,NORDESTE
2017-08-01,RO,33317.773,42556.0,NORTE
2017-08-01,RR,8334.726,8956.0,NORTE
2017-08-01,RS,228478.1,252183.0,SUL
2017-08-01,SC,223801.06,277169.0,SUL
2017-08-01,SE,37787.543,38394.0,NORDESTE
2017-08-01,SP,861400.56,937696.0,SUDESTE
2017-08-01,TO,33164.742,45564.0,NORTE
2017-09-01,AC,12505.6,14869.0,NORTE
2017-09-01,AL,39598.75,28074.0,NORDESTE
2017-09-01,AM,54897.176,53130.0,NORTE
2017-09-01,AP,13537.944,8741.0,NORTE
2017-09-01,BA,266496.72,270092.0,NORDESTE
2017-09-01,CE,137846.08,186948.0,NORDESTE
2017-09-01,DF,49829.89,54875.0,CENTRO OESTE
2017-09-01,ES,78012.12,89777.0,SUDESTE
2017-09-01,GO,193600.94,209621.0,CENTRO OESTE
2017-09-01,MA,73229.695,84121.0,NORDESTE
2017-09-01,MG,421363.2,476478.0,SUDESTE
2017-09-01,MS,62907.68,76509.0,CENTRO OESTE
2017-09-01,MT,92476.07,112904.0,CENTRO OESTE
2017-09-01,PA,137817.42,125300.0,NORTE
2017-09-01,PB,72233.18,70048.0,NORDESTE
2017-09-01,PE,157645.64,154276.0,NORDESTE
2017-09-01,PI,53792.39,72484.0,NORDESTE
2017-09-01,PR,329679.84,350123.0,SUL
2017-09-01,RJ,233379.12,207913.0,SUDESTE
2017-09-01,RN,59511.477,60303.0,NORDESTE
2017-09-01,RO,35399.664,41193.0,NORTE
2017-09-01,RR,8446.411,8626.0,NORTE
2017-09-01,RS,236039.78,249403.0,SUL
2017-09-01,SC,232115.62,245824.0,SUL
2017-09-01,SE,37707.57,35688.0,NORDESTE
2017-09-01,SP,881065.3,871611.0,SUDESTE
2017-09-01,TO,31089.049,43754.0,NORTE
2017-10-01,AC,11360.386,14734.0,NORTE
2017-10-01,AL,44875.617,29941.0,NORDESTE
2017-10-01,AM,50782.34,57796.0,NORTE
2017-10-01,AP,10264.271,12358.0,NORTE
2017-10-01,BA,280278.12,278146.0,NORDESTE
2017-10-01,CE,135995.6,194907.0,NORDESTE
2017-10-01,DF,53138.49,57520.0,CENTRO OESTE
2017-10-01,ES,76110.625,94810.0,SUDESTE
2017-10-01,GO,208283.22,210984.0,CENTRO OESTE
2017-10-01,MA,78876.125,88187.0,NORDESTE
2017-10-01,MG,429232.4,421395.0,SUDESTE
2017-10-01,MS,65646.664,71851.0,CENTRO OESTE
2017-10-01,MT,103697.734,123201.0,CENTRO OESTE
2017-10-01,PA,139520.31,132627.0,NORTE
2017-10-01,PB,75680.445,67172.0,NORDESTE
2017-10-01,PE,162792.11,153331.0,NORDESTE
2017-10-01,PI,52622.098,71534.0,NORDESTE
2017-10-01,PR,344573.22,288254.0,SUL
2017-10-01,RJ,252155.53,188107.0,SUDESTE
2017-10-01,RN,62219.656,51009.0,NORDESTE
2017-10-01,RO,35970.293,37053.0,NORTE
2017-10-01,RR,8075.514,6735.0,NORTE
2017-10-01,RS,243358.72,208299.0,SUL
2017-10-01,SC,239325.25,244227.0,SUL
2017-10-01,SE,38824.836,42076.0,NORDESTE
2017-10-01,SP,904118.3,795853.0,SUDESTE
2017-10-01,TO,29212.46,48554.0,NORTE
2017-11-01,AC,11842.0625,12754.0,NORTE
2017-11-01,AL,43853.555,28977.0,NORDESTE
2017-11-01,AM,53907.63,47026.0,NORTE
2017-11-01,AP,11156.845,11876.0,NORTE
2017-11-01,BA,280444.7,257458.0,NORDESTE
2017-11-01,CE,138612.9,179505.0,NORDESTE
2017-11-01,DF,54083.727,49573.0,CENTRO OESTE
2017-11-01,ES,77216.0,93446.0,SUDESTE
2017-11-01,GO,212727.52,189889.0,CENTRO OESTE
2017-11-01,MA,77467.03,79514.0,NORDESTE
2017-11-01,MG,438985.78,413641.0,SUDESTE
2017-11-01,MS,65461.773,71187.0,CENTRO OESTE
2017-11-01,MT,102225.55,112725.0,CENTRO OESTE
2017-11-01,PA,143211.38,135172.0,NORTE
2017-11-01,PB,74125.05,64220.0,NORDESTE
2017-11-01,PE,160785.42,152600.0,NORDESTE
2017-11-01,PI,55828.86,70320.0,NORDESTE
2017-11-01,PR,343889.9,301687.0,SUL
2017-11-01,RJ,252846.42,193661.0,SUDESTE
2017-11-01,RN,62227.04,48874.0,NORDESTE
2017-11-01,RO,35661.504,33527.0,NORTE
2017-11-01,RR,8544.612,9161.0,NORTE
2017-11-01,RS,241952.4,238414.0,SUL
2017-11-01,SC,242086.69,263751.0,SUL
2017-11-01,SE,37255.875,39875.0,NORDESTE
2017-11-01,SP,917236.6,804767.0,SUDESTE
2017-11-01,TO,32914.547,40896.0,NORTE
2017-12-01,AC,10872.025,11925.0,NORTE
2017-12-01,AL,43871.81,31580.0,NORDESTE
2017-12-01,AM,52260.176,74919.0,NORTE
2017-12-01,AP,9697.688,11713.0,NORTE
2017-12-01,BA,280344.44,231748.0,NORDESTE
2017-12-01,CE,141554.66,173278.0,NORDESTE
2017-12-01,DF,54716.797,40698.0,CENTRO OESTE
2017-12-01,ES,76407.79,87540.0,SUDESTE
2017-12-01,GO,213333.25,143721.0,CENTRO OESTE
2017-12-01,MA,84411.01,74061.0,NORDESTE
2017-12-01,MG,436634.25,338033.0,SUDESTE
2017-12-01,MS,66985.305,58020.0,CENTRO OESTE
2017-12-01,MT,113104.85,90828.0,CENTRO OESTE
2017-12-01,PA,140129.3,131376.0,NORTE
2017-12-01,PB,76902.95,63021.0,NORDESTE
2017-12-01,PE,167244.08,136567.0,NORDESTE
2017-12-01,PI,52208.4,67364.0,NORDESTE
2017-12-01,PR,354997.2,268901.0,SUL
2017-12-01,RJ,274340.2,175783.0,SUDESTE
2017-12-01,RN,64805.117,48506.0,NORDESTE
2017-12-01,RO,40340.75,25616.0,NORTE
2017-12-01,RR,8250.378,8634.0,NORTE
2017-12-01,RS,244628.3,213179.0,SUL
2017-12-01,SC,237908.53,211136.0,SUL
2017-12-01,SE,37180.023,38984.0,NORDESTE
2017-12-01,SP,923804.2,712733.0,SUDESTE
2017-12-01,TO,30924.332,35255.0,NORTE
2018-01-01,AC,11375.019,13114.0,NORTE
2018-01-01,AL,44349.125,29991.0,NORDESTE
2018-01-01,AM,49003.414,34733.0,NORTE
2018-01-01,AP,10400.534,11449.0,NORTE
2018-01-01,BA,280354.88,268336.0,NORDESTE
2018-01-01,CE,131498.0,160261.0,NORDESTE
2018-01-01,DF,54331.08,47195.0,CENTRO OESTE
2018-01-01,ES,73289.305,96706.0,SUDESTE
2018-01-01,GO,204268.62,176275.0,CENTRO OESTE
2018-01-01,MA,90056.1,64818.0,NORDESTE
2018-01-01,MG,398321.06,431028.0,SUDESTE
2018-01-01,MS,73153.04,63194.0,CENTRO OESTE
2018-01-01,MT,123005.38,96360.0,CENTRO OESTE
2018-01-01,PA,133738.5,111175.0,NORTE
2018-01-01,PB,76190.17,62639.0,NORDESTE
2018-01-01,PE,171717.84,144855.0,NORDESTE
2018-01-01,PI,52788.85,59688.0,NORDESTE
2018-01-01,PR,349341.47,274431.0,SUL
2018-01-01,RJ,249410.88,185078.0,SUDESTE
2018-01-01,RN,62801.812,42721.0,NORDESTE
2018-01-01,RO,41256.72,25221.0,NORTE
2018-01-01,RR,8091.7437,7115.0,NORTE
2018-01-01,RS,232889.22,221534.0,SUL
2018-01-01,SC,229345.72,219002.0,SUL
2018-01-01,SE,36377.402,41652.0,NORDESTE
2018-01-01,SP,872849.6,763665.0,SUDESTE
2018-01-01,TO,27838.947,34018.0,NORTE
2018-02-01,AC,9895.818,8920.0,NORTE
2018-02-01,AL,46921.36,26820.0,NORDESTE
2018-02-01,AM,54425.84,15022.0,NORTE
2018-02-01,AP,18684.883,7805.0,NORTE
2018-02-01,BA,244223.22,223453.0,NORDESTE
2018-02-01,CE,124801.766,113987.0,NORDESTE
2018-02-01,DF,48236.07,43527.0,CENTRO OESTE
2018-02-01,ES,73057.49,74086.0,SUDESTE
2018-02-01,GO,163156.19,152632.0,CENTRO OESTE
2018-02-01,MA,69805.44,44254.0,NORDESTE
2018-02-01,MG,356979.6,305105.0,SUDESTE
2018-02-01,MS,63222.96,60580.0,CENTRO OESTE
2018-02-01,MT,83849.01,86444.0,CENTRO OESTE
2018-02-01,PA,115377.48,80970.0,NORTE
2018-02-01,PB,73209.22,53839.0,NORDESTE
2018-02-01,PE,161803.48,126352.0,NORDESTE
2018-02-01,PI,46429.79,40259.0,NORDESTE
2018-02-01,PR,304692.4,298219.0,SUL
2018-02-01,RJ,185705.08,146761.0,SUDESTE
2018-02-01,RN,54749.145,32801.0,NORDESTE
2018-02-01,RO,35634.324,23321.0,NORTE
2018-02-01,RR,7964.7,2781.0,NORTE
2018-02-01,RS,204868.42,212139.0,SUL
2018-02-01,SC,196386.6,234275.0,SUL
2018-02-01,SE,37026.39,33904.0,NORDESTE
2018-02-01,SP,799614.3,727397.0,SUDESTE
2018-02-01,TO,37783.34,22422.0,NORTE
2018-03-01,AC,11023.846,9724.0,NORTE
2018-03-01,AL,48549.742,29446.0,NORDESTE
2018-03-01,AM,52609.71,20879.0,NORTE
2018-03-01,AP,17719.424,7726.0,NORTE
2018-03-01,BA,243291.81,241464.0,NORDESTE
2018-03-01,CE,124545.62,114289.0,NORDESTE
2018-03-01,DF,46246.19,45488.0,CENTRO OESTE
2018-03-01,ES,74273.15,92676.0,SUDESTE
2018-03-01,GO,163724.16,177876.0,CENTRO OESTE
2018-03-01,MA,67518.016,52169.0,NORDESTE
2018-03-01,MG,355733.06,402406.0,SUDESTE
2018-03-01,MS,63451.39,69448.0,CENTRO OESTE
2018-03-01,MT,79973.54,94285.0,CENTRO OESTE
2018-03-01,PA,120951.625,92173.0,NORTE
2018-03-01,PB,70037.38,56652.0,NORDESTE
2018-03-01,PE,156122.97,138148.0,NORDESTE
2018-03-01,PI,46521.938,41239.0,NORDESTE
2018-03-01,PR,306861.8,328955.0,SUL
2018-03-01,RJ,186102.12,173121.0,SUDESTE
2018-03-01,RN,53177.746,37638.0,NORDESTE
2018-03-01,RO,34488.684,23927.0,NORTE
2018-03-01,RR,7445.674,7490.0,NORTE
2018-03-01,RS,204502.61,228994.0,SUL
2018-03-01,SC,198240.14,249920.0,SUL
2018-03-01,SE,36820.492,29447.0,NORDESTE
2018-03-01,SP,800533.06,855245.0,SUDESTE
2018-03-01,TO,32102.639,29555.0,NORTE
2018-04-01,AC,11767.897,9737.0,NORTE
2018-04-01,AL,48757.06,27666.0,NORDESTE
2018-04-01,AM,53373.14,36409.0,NORTE
2018-04-01,AP,15925.808,8516.0,NORTE
2018-04-01,BA,249060.89,238901.0,NORDESTE
2018-04-01,CE,120882.79,117313.0,NORDESTE
2018-04-01,DF,48098.836,44960.0,CENTRO OESTE
2018-04-01,ES,71327.36,82865.0,SUDESTE
2018-04-01,GO,182610.66,181384.0,CENTRO OESTE
2018-04-01,MA,70277.03,53399.0,NORDESTE
2018-04-01,MG,377999.9,419419.0,SUDESTE
2018-04-01,MS,65402.32,74472.0,CENTRO OESTE
2018-04-01,MT,91867.055,98986.0,CENTRO OESTE
2018-04-01,PA,120360.48,86782.0,NORTE
2018-04-01,PB,71360.86,53408.0,NORDESTE
2018-04-01,PE,160061.62,129978.0,NORDESTE
2018-04-01,PI,45628.613,45035.0,NORDESTE
2018-04-01,PR,318913.94,335039.0,SUL
2018-04-01,RJ,197213.64,169841.0,SUDESTE
2018-04-01,RN,53739.86,37358.0,NORDESTE
2018-04-01,RO,35306.438,24561.0,NORTE
2018-04-01,RR,7638.1733,7043.0,NORTE
2018-04-01,RS,209430.25,226827.0,SUL
2018-04-01,SC,198136.77,246326.0,SUL
2018-04-01,SE,36674.89,29197.0,NORDESTE
2018-04-01,SP,819095.94,855042.0,SUDESTE
2018-04-01,TO,29424.053,28919.0,NORTE
2018-05-01,AC,12869.528,10136.0,NORTE
2018-05-01,AL,50768.273,22013.0,NORDESTE
2018-05-01,AM,52486.984,22277.0,NORTE
2018-05-01,AP,14704.825,8503.0,NORTE
2018-05-01,BA,254868.0,191989.0,NORDESTE
2018-05-01,CE,118799.98,110502.0,NORDESTE
2018-05-01,DF,49234.64,36721.0,CENTRO OESTE
2018-05-01,ES,72122.445,71180.0,SUDESTE
2018-05-01,GO,172524.75,160120.0,CENTRO OESTE
2018-05-01,MA,70030.21,45364.0,NORDESTE
2018-05-01,MG,372490.62,336054.0,SUDESTE
2018-05-01,MS,65144.9,63776.0,CENTRO OESTE
2018-05-01,MT,85794.836,88072.0,CENTRO OESTE
2018-05-01,PA,119834.4,85150.0,NORTE
2018-05-01,PB,72352.836,50543.0,NORDESTE
2018-05-01,PE,164301.14,109083.0,NORDESTE
2018-05-01,PI,46336.61,42477.0,NORDESTE
2018-05-01,PR,320086.62,260723.0,SUL
2018-05-01,RJ,201042.36,142706.0,SUDESTE
2018-05-01,RN,55044.367,31339.0,NORDESTE
2018-05-01,RO,35761.613,20135.0,NORTE
2018-05-01,RR,7914.861,4877.0,NORTE
2018-05-01,RS,213639.4,186855.0,SUL
2018-05-01,SC,201865.69,198778.0,SUL
2018-05-01,SE,36082.945,26297.0,NORDESTE
2018-05-01,SP,819255.3,648867.0,SUDESTE
2018-05-01,TO,28226.889,25589.0,NORTE
2018-06-01,AC,12968.001,14403.0,NORTE
2018-06-01,AL,51149.04,28025.0,NORDESTE
2018-06-01,AM,52335.273,20529.0,NORTE
2018-06-01,AP,12044.344,10175.0,NORTE
2018-06-01,BA,255158.05,272452.0,NORDESTE
2018-06-01,CE,117659.87,147996.0,NORDESTE
2018-06-01,DF,48649.92,54463.0,CENTRO OESTE
2018-06-01,ES,72153.086,108826.0,SUDESTE
2018-06-01,GO,172676.56,236951.0,CENTRO OESTE
2018-06-01,MA,70863.05,67103.0,NORDESTE
2018-06-01,MG,375668.06,568395.0,SUDESTE
2018-06-01,MS,64710.156,81732.0,CENTRO OESTE
2018-06-01,MT,84771.15,141010.0,CENTRO OESTE
2018-06-01,PA,117370.24,135094.0,NORTE
2018-06-01,PB,75130.695,64699.0,NORDESTE
2018-06-01,PE,164506.62,147440.0,NORDESTE
2018-06-01,PI,45165.832,57619.0,NORDESTE
2018-06-01,PR,327471.44,366929.0,SUL
2018-06-01,RJ,213136.33,242422.0,SUDESTE
2018-06-01,RN,58438.043,45311.0,NORDESTE
2018-06-01,RO,37787.56,34837.0,NORTE
2018-06-01,RR,7789.636,7031.0,NORTE
2018-06-01,RS,223684.9,253021.0,SUL
2018-06-01,SC,211244.94,285970.0,SUL
2018-06-01,SE,36053.133,29209.0,NORDESTE
2018-06-01,SP,821642.3,1003807.0,SUDESTE
2018-06-01,TO,24569.133,40237.0,NORTE
2018-07-01,AC,11861.46,12871.0,NORTE
2018-07-01,AL,51732.797,25648.0,NORDESTE
2018-07-01,AM,54303.414,37061.0,NORTE
2018-07-01,AP,12353.174,11775.0,NORTE
2018-07-01,BA,260716.94,261009.0,NORDESTE
2018-07-01,CE,123446.195,152386.0,NORDESTE
2018-07-01,DF,55413.79,51462.0,CENTRO OESTE
2018-07-01,ES,70933.39,105694.0,SUDESTE
2018-07-01,GO,201782.16,206557.0,CENTRO OESTE
2018-07-01,MA,77436.56,61062.0,NORDESTE
2018-07-01,MG,417693.3,541488.0,SUDESTE
2018-07-01,MS,82504.305,83858.0,CENTRO OESTE
2018-07-01,MT,120344.44,122652.0,CENTRO OESTE
2018-07-01,PA,122974.4,132351.0,NORTE
2018-07-01,PB,71619.97,60219.0,NORDESTE
2018-07-01,PE,155751.7,132500.0,NORDESTE
2018-07-01,PI,53977.246,53109.0,NORDESTE
2018-07-01,PR,353011.16,353426.0,SUL
2018-07-01,RJ,235902.97,226205.0,SUDESTE
2018-07-01,RN,59581.36,42085.0,NORDESTE
2018-07-01,RO,40188.977,34338.0,NORTE
2018-07-01,RR,8504.419,5988.0,NORTE
2018-07-01,RS,229523.58,194988.0,SUL
2018-07-01,SC,208196.08,262597.0,SUL
2018-07-01,SE,36657.39,28158.0,NORDESTE
2018-07-01,SP,864919.1,855104.0,SUDESTE
2018-07-01,TO,29103.893,37012.0,NORTE
2018-08-01,AC,13416.287,15749.0,NORTE
2018-08-01,AL,43899.47,31782.0,NORDESTE
2018-08-01,AM,46337.133,23387.0,NORTE
2018-08-01,AP,9836.747,9724.0,NORTE
2018-08-01,BA,274946.28,292688.0,NORDESTE
2018-08-01,CE,131452.89,177259.0,NORDESTE
2018-08-01,DF,55414.47,58854.0,CENTRO OESTE
2018-08-01,ES,72525.375,107106.0,SUDESTE
2018-08-01,GO,200031.38,224270.0,CENTRO OESTE
2018-08-01,MA,74276.31,73445.0,NORDESTE
2018-08-01,MG,404306.56,537851.0,SUDESTE
2018-08-01,MS,62801.61,87863.0,CENTRO OESTE
2018-08-01,MT,106227.59,142145.0,CENTRO OESTE
2018-08-01,PA,118549.805,133744.0,NORTE
2018-08-01,PB,67389.77,64217.0,NORDESTE
2018-08-01,PE,156359.12,158533.0,NORDESTE
2018-08-01,PI,49572.465,63141.0,NORDESTE
2018-08-01,PR,333038.88,344937.0,SUL
2018-08-01,RJ,238290.55,229696.0,SUDESTE
2018-08-01,RN,62445.863,48520.0,NORDESTE
2018-08-01,RO,39009.312,39293.0,NORTE
2018-08-01,RR,8407.083,7275.0,NORTE
2018-08-01,RS,224772.52,244406.0,SUL
2018-08-01,SC,219634.16,277811.0,SUL
2018-08-01,SE,32566.826,31132.0,NORDESTE
2018-08-01,SP,862905.5,913329.0,SUDESTE
2018-08-01,TO,32643.162,38793.0,NORTE
2018-09-01,AC,10546.179,14269.0,NORTE
2018-09-01,AL,39547.6,27768.0,NORDESTE
2018-09-01,AM,46159.426,38399.0,NORTE
2018-09-01,AP,9972.439,10069.0,NORTE
2018-09-01,BA,268434.47,258881.0,NORDESTE
2018-09-01,CE,133460.77,155913.0,NORDESTE
2018-09-01,DF,46022.89,53940.0,CENTRO OESTE
2018-09-01,ES,74344.586,101893.0,SUDESTE
2018-09-01,GO,192833.47,213871.0,CENTRO OESTE
2018-09-01,MA,75630.54,69471.0,NORDESTE
2018-09-01,MG,399491.94,526265.0,SUDESTE
2018-09-01,MS,63806.332,69723.0,CENTRO OESTE
2018-09-01,MT,93304.66,121124.0,CENTRO OESTE
2018-09-01,PA,123068.805,128527.0,NORTE
2018-09-01,PB,71502.02,57591.0,NORDESTE
2018-09-01,PE,158437.31,133813.0,NORDESTE
2018-09-01,PI,53822.48,55580.0,NORDESTE
2018-09-01,PR,334543.2,302082.0,SUL
2018-09-01,RJ,231911.36,232624.0,SUDESTE
2018-09-01,RN,60944.96,41365.0,NORDESTE
2018-09-01,RO,36899.695,41610.0,NORTE
2018-09-01,RR,8168.7534,9468.0,NORTE
2018-09-01,RS,223305.78,201372.0,SUL
2018-09-01,SC,218500.73,235885.0,SUL
2018-09-01,SE,34216.047,30195.0,NORDESTE
2018-09-01,SP,848871.7,849262.0,SUDESTE
2018-09-01,TO,28004.303,38281.0,NORTE
2018-10-01,AC,10244.153,15367.0,NORTE
2018-10-01,AL,40914.996,33073.0,NORDESTE
2018-10-01,AM,51400.03,39652.0,NORTE
2018-10-01,AP,12725.025,13930.0,NORTE
2018-10-01,BA,270665.7,276879.0,NORDESTE
2018-10-01,CE,130506.2,172410.0,NORDESTE
2018-10-01,DF,50848.957,51514.0,CENTRO OESTE
2018-10-01,ES,73298.37,110551.0,SUDESTE
2018-10-01,GO,205226.03,211066.0,CENTRO OESTE
2018-10-01,MA,85288.4,83004.0,NORDESTE
2018-10-01,MG,405309.66,559293.0,SUDESTE
2018-10-01,MS,73657.74,72765.0,CENTRO OESTE
2018-10-01,MT,100568.305,130503.0,CENTRO OESTE
2018-10-01,PA,131707.4,147510.0,NORTE
2018-10-01,PB,78079.04,64307.0,NORDESTE
2018-10-01,PE,165089.78,155827.0,NORDESTE
2018-10-01,PI,53082.914,60001.0,NORDESTE
2018-10-01,PR,337063.2,294467.0,SUL
2018-10-01,RJ,240408.78,234262.0,SUDESTE
2018-10-01,RN,64035.156,43813.0,NORDESTE
2018-10-01,RO,41606.46,43544.0,NORTE
2018-10-01,RR,8159.711,7970.0,NORTE
2018-10-01,RS,225628.78,251369.0,SUL
2018-10-01,SC,216240.14,272671.0,SUL
2018-10-01,SE,34545.844,31537.0,NORDESTE
2018-10-01,SP,861448.56,897883.0,SUDESTE
2018-10-01,TO,28333.832,39711.0,NORTE
2018-11-01,AC,10832.704,14595.0,NORTE
2018-11-01,AL,39469.04,30389.0,NORDESTE
2018-11-01,AM,47709.12,40204.0,NORTE
2018-11-01,AP,12513.584,11918.0,NORTE
2018-11-01,BA,269068.25,255774.0,NORDESTE
2018-11-01,CE,137925.9,179419.0,NORDESTE
2018-11-01,DF,50371.45,42635.0,CENTRO OESTE
2018-11-01,ES,72898.49,100587.0,SUDESTE
2018-11-01,GO,209897.9,182899.0,CENTRO OESTE
2018-11-01,MA,84126.875,77332.0,NORDESTE
2018-11-01,MG,415271.6,466646.0,SUDESTE
2018-11-01,MS,64435.98,77937.0,CENTRO OESTE
2018-11-01,MT,99355.02,104115.0,CENTRO OESTE
2018-11-01,PA,137302.28,138511.0,NORTE
2018-11-01,PB,73150.71,61971.0,NORDESTE
2018-11-01,PE,161494.78,146197.0,NORDESTE
2018-11-01,PI,58516.25,62767.0,NORDESTE
2018-11-01,PR,333482.25,336029.0,SUL
2018-11-01,RJ,234752.08,217727.0,SUDESTE
2018-11-01,RN,61970.58,43816.0,NORDESTE
2018-11-01,RO,41426.297,35658.0,NORTE
2018-11-01,RR,8561.108,7866.0,NORTE
2018-11-01,RS,224308.47,242782.0,SUL
2018-11-01,SC,221241.86,278592.0,SUL
2018-11-01,SE,31951.736,30748.0,NORDESTE
2018-11-01,SP,863698.7,860059.0,SUDESTE
2018-11-01,TO,33560.11,33695.0,NORTE
2018-12-01,AC,9406.834,9811.0,NORTE
2018-12-01,AL,29636.447,27657.0,NORDESTE
2018-12-01,AM,39649.145,21625.0,NORTE
2018-12-01,AP,9158.29,11757.0,NORTE
2018-12-01,BA,264853.38,208326.0,NORDESTE
2018-12-01,CE,152875.47,157165.0,NORDESTE
2018-12-01,DF,43077.266,40371.0,CENTRO OESTE
2018-12-01,ES,74739.805,94220.0,SUDESTE
2018-12-01,GO,206643.45,159002.0,CENTRO OESTE
2018-12-01,MA,77880.13,58591.0,NORDESTE
2018-12-01,MG,399942.3,416049.0,SUDESTE
2018-12-01,MS,65357.87,64332.0,CENTRO OESTE
2018-12-01,MT,95741.95,90690.0,CENTRO OESTE
2018-12-01,PA,128175.77,103294.0,NORTE
2018-12-01,PB,67807.38,57480.0,NORDESTE
2018-12-01,PE,151761.94,122278.0,NORDESTE
2018-12-01,PI,60554.074,45308.0,NORDESTE
2018-12-01,PR,324270.06,278117.0,SUL
2018-12-01,RJ,221076.94,190769.0,SUDESTE
2018-12-01,RN,56943.61,38245.0,NORDESTE
2018-12-01,RO,35310.055,29693.0,NORTE
2018-12-01,RR,8685.302,8108.0,NORTE
2018-12-01,RS,214786.88,201288.0,SUL
2018-12-01,SC,216436.64,214658.0,SUL
2018-12-01,SE,32577.318,30734.0,NORDESTE
2018-12-01,SP,837558.7,771417.0,SUDESTE
2018-12-01,TO,39746.766,28206.0,NORTE
2019-01-01,AC,12889.0,11188.0,NORTE
2019-01-01,AL,27462.846,32388.0,NORDESTE
2019-01-01,AM,43298.094,42731.0,NORTE
2019-01-01,AP,11434.843,9691.0,NORTE
2019-01-01,BA,259644.48,291428.0,NORDESTE
2019-01-01,CE,127864.29,151601.0,NORDESTE
2019-01-01,DF,49676.617,48990.0,CENTRO OESTE
2019-01-01,ES,75989.336,111377.0,SUDESTE
2019-01-01,GO,196017.92,178918.0,CENTRO OESTE
2019-01-01,MA,80161.15,70660.0,NORDESTE
2019-01-01,MG,385714.75,501489.0,SUDESTE
2019-01-01,MS,65504.016,77048.0,CENTRO OESTE
2019-01-01,MT,117286.414,102685.0,CENTRO OESTE
2019-01-01,PA,123183.17,110704.0,NORTE
2019-01-01,PB,67944.945,68053.0,NORDESTE
2019-01-01,PE,160691.64,149983.0,NORDESTE
2019-01-01,PI,57921.22,57142.0,NORDESTE
2019-01-01,PR,324973.38,323005.0,SUL
2019-01-01,RJ,226458.64,232609.0,SUDESTE
2019-01-01,RN,59145.406,46081.0,NORDESTE
2019-01-01,RO,36946.65,32559.0,NORTE
2019-01-01,RR,8646.888,9908.0,NORTE
2019-01-01,RS,217246.66,226547.0,SUL
2019-01-01,SC,214706.69,252700.0,SUL
2019-01-01,SE,32054.295,36567.0,NORDESTE
2019-01-01,SP,811796.44,860232.0,SUDESTE
2019-01-01,TO,35275.055,31615.0,NORTE
2019-02-01,AC,11285.655,10381.0,NORTE
2019-02-01,AL,36488.004,30378.0,NORDESTE
2019-02-01,AM,55485.484,36026.0,NORTE
2019-02-01,AP,20015.992,7378.0,NORTE
2019-02-01,BA,236052.94,249430.0,NORDESTE
2019-02-01,CE,125726.13,129537.0,NORDESTE
2019-02-01,DF,47487.15,44726.0,CENTRO OESTE
2019-02-01,ES,75556.84,98614.0,SUDESTE
2019-02-01,GO,161509.73,161936.0,CENTRO OESTE
2019-02-01,MA,66389.336,50796.0,NORDESTE
2019-02-01,MG,356915.1,460699.0,SUDESTE
2019-02-01,MS,65580.91,65660.0,CENTRO OESTE
2019-02-01,MT,84184.7,96144.0,CENTRO OESTE
2019-02-01,PA,112010.984,91638.0,NORTE
2019-02-01,PB,67787.39,55231.0,NORDESTE
2019-02-01,PE,158875.88,123483.0,NORDESTE
2019-02-01,PI,50101.305,46283.0,NORDESTE
2019-02-01,PR,293197.8,291453.0,SUL
2019-02-01,RJ,181896.4,195364.0,SUDESTE
2019-02-01,RN,53870.31,38703.0,NORDESTE
2019-02-01,RO,33561.91,24910.0,NORTE
2019-02-01,RR,8339.805,10723.0,NORTE
2019-02-01,RS,198396.3,228500.0,SUL
2019-02-01,SC,192178.38,246146.0,SUL
2019-02-01,SE,34837.82,30849.0,NORDESTE
2019-02-01,SP,762452.06,773607.0,SUDESTE
2019-02-01,TO,43273.11,30275.0,NORTE
2019-03-01,AC,11449.472,8080.0,NORTE
2019-03-01,AL,48661.06,30641.0,NORDESTE
2019-03-01,AM,50718.168,34609.0,NORTE
2019-03-01,AP,15170.954,6970.0,NORTE
2019-03-01,BA,249084.56,241612.0,NORDESTE
2019-03-01,CE,116897.73,105236.0,NORDESTE
2019-03-01,DF,48446.355,44491.0,CENTRO OESTE
2019-03-01,ES,76740.805,94022.0,SUDESTE
2019-03-01,GO,158930.33,173792.0,CENTRO OESTE
2019-03-01,MA,67581.734,47834.0,NORDESTE
2019-03-01,MG,358100.7,445583.0,SUDESTE
2019-03-01,MS,64537.855,65445.0,CENTRO OESTE
2019-03-01,MT,79384.8,102197.0,CENTRO OESTE
2019-03-01,PA,112709.53,90744.0,NORTE
2019-03-01,PB,71901.95,53723.0,NORDESTE
2019-03-01,PE,160349.19,125104.0,NORDESTE
2019-03-01,PI,45944.92,43390.0,NORDESTE
2019-03-01,PR,311860.3,300203.0,SUL
2019-03-01,RJ,195936.22,205690.0,SUDESTE
2019-03-01,RN,56818.094,36037.0,NORDESTE
2019-03-01,RO,36581.43,28713.0,NORTE
2019-03-01,RR,7887.944,10625.0,NORTE
2019-03-01,RS,214617.23,223896.0,SUL
2019-03-01,SC,203068.72,255873.0,SUL
2019-03-01,SE,36180.805,31021.0,NORDESTE
2019-03-01,SP,781382.6,790146.0,SUDESTE
2019-03-01,TO,26186.863,29568.0,NORTE
2019-04-01,AC,11729.174,11154.0,NORTE
2019-04-01,AL,47491.117,32337.0,NORDESTE
2019-04-01,AM,51156.36,40787.0,NORTE
2019-04-01,AP,12391.542,7612.0,NORTE
2019-04-01,BA,255846.7,252303.0,NORDESTE
2019-04-01,CE,118213.38,110835.0,NORDESTE
2019-04-01,DF,51165.156,43901.0,CENTRO OESTE
2019-04-01,ES,74074.74,91546.0,SUDESTE
2019-04-01,GO,188290.58,176627.0,CENTRO OESTE
2019-04-01,MA,72237.43,45327.0,NORDESTE
2019-04-01,MG,393785.47,509271.0,SUDESTE
2019-04-01,MS,66102.805,78095.0,CENTRO OESTE
2019-04-01,MT,93388.625,106712.0,CENTRO OESTE
2019-04-01,PA,116169.7,82108.0,NORTE
2019-04-01,PB,69692.68,57457.0,NORDESTE
2019-04-01,PE,158978.44,129633.0,NORDESTE
2019-04-01,PI,46734.977,40824.0,NORDESTE
2019-04-01,PR,326332.0,317058.0,SUL
2019-04-01,RJ,214374.23,231354.0,SUDESTE
2019-04-01,RN,57740.445,38430.0,NORDESTE
2019-04-01,RO,36603.04,32660.0,NORTE
2019-04-01,RR,8035.5024,10593.0,NORTE
2019-04-01,RS,224285.6,234132.0,SUL
2019-04-01,SC,210425.42,273299.0,SUL
2019-04-01,SE,35393.84,31437.0,NORDESTE
2019-04-01,SP,803033.94,886929.0,SUDESTE
2019-04-01,TO,27356.102,26940.0,NORTE
2019-05-01,AC,13011.529,12508.0,NORTE
2019-05-01,AL,46139.766,36405.0,NORDESTE
2019-05-01,AM,48803.22,39823.0,NORTE
2019-05-01,AP,10903.553,8442.0,NORTE
2019-05-01,BA,261949.89,281912.0,NORDESTE
2019-05-01,CE,124005.94,127925.0,NORDESTE
2019-05-01,DF,52650.0,55019.0,CENTRO OESTE
2019-05-01,ES,75749.88,95674.0,SUDESTE
2019-05-01,GO,194661.06,207991.0,CENTRO OESTE
2019-05-01,MA,72668.86,54032.0,NORDESTE
2019-05-01,MG,404898.38,532602.0,SUDESTE
2019-05-01,MS,63914.094,80998.0,CENTRO OESTE
2019-05-01,MT,96464.4,124057.0,CENTRO OESTE
2019-05-01,PA,123870.51,97490.0,NORTE
2019-05-01,PB,71069.695,62755.0,NORDESTE
2019-05-01,PE,158727.95,138233.0,NORDESTE
2019-05-01,PI,49886.79,55063.0,NORDESTE
2019-05-01,PR,332255.0,314142.0,SUL
2019-05-01,RJ,228406.11,236711.0,SUDESTE
2019-05-01,RN,60480.184,44471.0,NORDESTE
2019-05-01,RO,36976.91,31635.0,NORTE
2019-05-01,RR,8077.734,10681.0,NORTE
2019-05-01,RS,227835.14,207586.0,SUL
2019-05-01,SC,215606.89,270918.0,SUL
2019-05-01,SE,34990.008,31533.0,NORDESTE
2019-05-01,SP,821543.94,941600.0,SUDESTE
2019-05-01,TO,29192.049,35910.0,NORTE
2019-06-01,AC,11347.944,12126.0,NORTE
2019-06-01,AL,40442.367,22499.0,NORDESTE
2019-06-01,AM,44609.08,39957.0,NORTE
2019-06-01,AP,9459.968,8835.0,NORTE
2019-06-01,BA,261827.81,200213.0,NORDESTE
2019-06-01,CE,130291.73,127138.0,NORDESTE
2019-06-01,DF,48557.758,50942.0,CENTRO OESTE
2019-06-01,ES,78678.51,88927.0,SUDESTE
2019-06-01,GO,189143.78,185784.0,CENTRO OESTE
2019-06-01,MA,71227.555,60657.0,NORDESTE
2019-06-01,MG,397535.44,500905.0,SUDESTE
2019-06-01,MS,64706.883,69415.0,CENTRO OESTE
2019-06-01,MT,93003.38,124625.0,CENTRO OESTE
2019-06-01,PA,122397.69,96803.0,NORTE
2019-06-01,PB,70347.05,48148.0,NORDESTE
2019-06-01,PE,156429.58,109657.0,NORDESTE
2019-06-01,PI,52835.797,56474.0,NORDESTE
2019-06-01,PR,333626.94,301878.0,SUL
2019-06-01,RJ,230988.52,215360.0,SUDESTE
2019-06-01,RN,60216.348,37884.0,NORDESTE
2019-06-01,RO,34630.074,35142.0,NORTE
2019-06-01,RR,7756.4385,7887.0,NORTE
2019-06-01,RS,223208.36,228583.0,SUL
2019-06-01,SC,219187.84,256605.0,SUL
2019-06-01,SE,35048.33,26431.0,NORDESTE
2019-06-01,SP,818720.06,817301.0,SUDESTE
2019-06-01,TO,29304.838,33954.0,NORTE
2019-07-01,AC,11900.688,14496.0,NORTE
2019-07-01,AL,43478.086,27961.0,NORDESTE
2019-07-01,AM,56166.383,52048.0,NORTE
2019-07-01,AP,13959.837,11251.0,NORTE
2019-07-01,BA,257397.78,270511.0,NORDESTE
2019-07-01,CE,125726.51,157128.0,NORDESTE
2019-07-01,DF,56253.414,63992.0,CENTRO OESTE
2019-07-01,ES,74972.89,105688.0,SUDESTE
2019-07-01,GO,200261.14,234176.0,CENTRO OESTE
2019-07-01,MA,75594.82,67250.0,NORDESTE
2019-07-01,MG,419421.53,588495.0,SUDESTE
2019-07-01,MS,84906.305,87346.0,CENTRO OESTE
2019-07-01,MT,125515.87,133116.0,CENTRO OESTE
2019-07-01,PA,129154.2,118687.0,NORTE
2019-07-01,PB,69383.27,62190.0,NORDESTE
2019-07-01,PE,148855.48,128809.0,NORDESTE
2019-07-01,PI,60707.613,68133.0,NORDESTE
2019-07-01,PR,348674.0,358797.0,SUL
2019-07-01,RJ,237806.1,258015.0,SUDESTE
2019-07-01,RN,58219.62,51585.0,NORDESTE
2019-07-01,RO,40576.676,36419.0,NORTE
2019-07-01,RR,8281.386,9751.0,NORTE
2019-07-01,RS,224581.9,234565.0,SUL
2019-07-01,SC,206338.03,303526.0,SUL
2019-07-01,SE,35577.906,25978.0,NORDESTE
2019-07-01,SP,838660.7,957289.0,SUDESTE
2019-07-01,TO,31463.893,37983.0,NORTE
2019-08-01,AC,14192.145,16723.0,NORTE
2019-08-01,AL,43537.094,32378.0,NORDESTE
2019-08-01,AM,48961.293,53567.0,NORTE
2019-08-01,AP,10168.637,11342.0,NORTE
2019-08-01,BA,285528.56,281466.0,NORDESTE
2019-08-01,CE,131644.44,164440.0,NORDESTE
2019-08-01,DF,59641.348,64127.0,CENTRO OESTE
2019-08-01,ES,76244.35,104711.0,SUDESTE
2019-08-01,GO,205229.73,226996.0,CENTRO OESTE
2019-08-01,MA,73156.305,70773.0,NORDESTE
2019-08-01,MG,414337.06,589349.0,SUDESTE
2019-08-01,MS,64831.305,82888.0,CENTRO OESTE
2019-08-01,MT,111080.37,144310.0,CENTRO OESTE
2019-08-01,PA,126027.7,109761.0,NORTE
2019-08-01,PB,70195.414,62219.0,NORDESTE
2019-08-01,PE,154524.06,140408.0,NORDESTE
2019-08-01,PI,51684.367,68642.0,NORDESTE
2019-08-01,PR,334468.8,356169.0,SUL
2019-08-01,RJ,228528.78,244870.0,SUDESTE
2019-08-01,RN,61773.22,54306.0,NORDESTE
2019-08-01,RO,36996.832,40300.0,NORTE
2019-08-01,RR,8747.159,9654.0,NORTE
2019-08-01,RS,228502.78,249519.0,SUL
2019-08-01,SC,224186.86,299284.0,SUL
2019-08-01,SE,33064.883,29860.0,NORDESTE
2019-08-01,SP,835449.56,978990.0,SUDESTE
2019-08-01,TO,34420.402,40046.0,NORTE
2019-09-01,AC,12566.136,15253.0,NORTE
2019-09-01,AL,39639.133,32582.0,NORDESTE
2019-09-01,AM,51866.938,46239.0,NORTE
2019-09-01,AP,11858.997,13110.0,NORTE
2019-09-01,BA,264024.84,285535.0,NORDESTE
2019-09-01,CE,135477.12,140298.0,NORDESTE
2019-09-01,DF,52735.332,60822.0,CENTRO OESTE
2019-09-01,ES,79494.82,97530.0,SUDESTE
2019-09-01,GO,207240.5,218141.0,CENTRO OESTE
2019-09-01,MA,71846.03,67010.0,NORDESTE
2019-09-01,MG,422430.0,543982.0,SUDESTE
2019-09-01,MS,66230.79,79287.0,CENTRO OESTE
2019-09-01,MT,104008.71,140357.0,CENTRO OESTE
2019-09-01,PA,129952.27,120188.0,NORTE
2019-09-01,PB,68449.625,61329.0,NORDESTE
2019-09-01,PE,154460.31,134634.0,NORDESTE
2019-09-01,PI,58732.414,64741.0,NORDESTE
2019-09-01,PR,329881.94,316188.0,SUL
2019-09-01,RJ,229166.25,225410.0,SUDESTE
2019-09-01,RN,62323.04,52511.0,NORDESTE
2019-09-01,RO,34775.58,35493.0,NORTE
2019-09-01,RR,8684.417,9422.0,NORTE
2019-09-01,RS,224412.23,230086.0,SUL
2019-09-01,SC,229812.66,284550.0,SUL
2019-09-01,SE,33414.656,39045.0,NORDESTE
2019-09-01,SP,846653.1,906956.0,SUDESTE
2019-09-01,TO,37211.69,32647.0,NORTE
2019-10-01,AC,11696.601,16531.0,NORTE
2019-10-01,AL,40901.65,42703.0,NORDESTE
2019-10-01,AM,50205.47,51066.0,NORTE
2019-10-01,AP,10752.073,13195.0,NORTE
2019-10-01,BA,276188.06,328259.0,NORDESTE
2019-10-01,CE,130801.35,168407.0,NORDESTE
2019-10-01,DF,59041.277,65182.0,CENTRO OESTE
2019-10-01,ES,73066.6,99651.0,SUDESTE
2019-10-01,GO,206283.72,234939.0,CENTRO OESTE
2019-10-01,MA,79732.445,81128.0,NORDESTE
2019-10-01,MG,416872.3,614074.0,SUDESTE
2019-10-01,MS,68730.02,81855.0,CENTRO OESTE
2019-10-01,MT,116040.21,152769.0,CENTRO OESTE
2019-10-01,PA,131901.72,131620.0,NORTE
2019-10-01,PB,72360.97,81988.0,NORDESTE
2019-10-01,PE,159912.88,189040.0,NORDESTE
2019-10-01,PI,54982.473,71269.0,NORDESTE
2019-10-01,PR,334105.3,346214.0,SUL
2019-10-01,RJ,242393.03,252849.0,SUDESTE
2019-10-01,RN,65240.77,59472.0,NORDESTE
2019-10-01,RO,39689.523,38489.0,NORTE
2019-10-01,RR,8311.083,11160.0,NORTE
2019-10-01,RS,231298.38,233136.0,SUL
2019-10-01,SC,228097.9,307576.0,SUL
2019-10-01,SE,34309.98,45213.0,NORDESTE
2019-10-01,SP,852107.5,980948.0,SUDESTE
2019-10-01,TO,33195.83,39065.0,NORTE
2019-11-01,AC,12462.352,15206.0,NORTE
2019-11-01,AL,44437.914,38584.0,NORDESTE
2019-11-01,AM,49351.637,51684.0,NORTE
2019-11-01,AP,11067.576,10053.0,NORTE
2019-11-01,BA,277850.1,298078.0,NORDESTE
2019-11-01,CE,133035.56,163615.0,NORDESTE
2019-11-01,DF,58583.92,51282.0,CENTRO OESTE
2019-11-01,ES,77248.22,76710.0,SUDESTE
2019-11-01,GO,209813.8,199619.0,CENTRO OESTE
2019-11-01,MA,84271.76,81737.0,NORDESTE
2019-11-01,MG,423874.06,557419.0,SUDESTE
2019-11-01,MS,67770.85,77495.0,CENTRO OESTE
2019-11-01,MT,105510.195,124038.0,CENTRO OESTE
2019-11-01,PA,138453.44,125374.0,NORTE
2019-11-01,PB,76174.4,79341.0,NORDESTE
2019-11-01,PE,163337.45,166406.0,NORDESTE
2019-11-01,PI,56979.742,67631.0,NORDESTE
2019-11-01,PR,345016.0,323401.0,SUL
2019-11-01,RJ,258055.83,226618.0,SUDESTE
2019-11-01,RN,66507.26,54022.0,NORDESTE
2019-11-01,RO,41239.29,35591.0,NORTE
2019-11-01,RR,8567.635,10491.0,NORTE
2019-11-01,RS,234192.06,233800.0,SUL
2019-11-01,SC,230609.06,281317.0,SUL
2019-11-01,SE,34999.36,42237.0,NORDESTE
2019-11-01,SP,866013.2,872046.0,SUDESTE
2019-11-01,TO,32958.953,36180.0,NORTE
2019-12-01,AC,11669.909,10160.0,NORTE
2019-12-01,AL,43035.75,36503.0,NORDESTE
2019-12-01,AM,48371.17,44907.0,NORTE
2019-12-01,AP,13930.935,12274.0,NORTE
2019-12-01,BA,276805.75,264838.0,NORDESTE
2019-12-01,CE,141871.39,155070.0,NORDESTE
2019-12-01,DF,60164.92,43554.0,CENTRO OESTE
2019-12-01,ES,77961.38,75456.0,SUDESTE
2019-12-01,GO,218503.97,168797.0,CENTRO OESTE
2019-12-01,MA,94889.32,76841.0,NORDESTE
2019-12-01,MG,433518.3,412582.0,SUDESTE
2019-12-01,MS,74550.81,56612.0,CENTRO OESTE
2019-12-01,MT,122068.04,95054.0,CENTRO OESTE
2019-12-01,PA,144631.17,115811.0,NORTE
2019-12-01,PB,79735.59,76646.0,NORDESTE
2019-12-01,PE,169508.0,155456.0,NORDESTE
2019-12-01,PI,56408.4,62845.0,NORDESTE
2019-12-01,PR,348057.44,238466.0,SUL
2019-12-01,RJ,255463.06,190993.0,SUDESTE
2019-12-01,RN,65496.086,49791.0,NORDESTE
2019-12-01,RO,40940.453,27530.0,NORTE
2019-12-01,RR,8622.921,10225.0,NORTE
2019-12-01,RS,232943.22,223214.0,SUL
2019-12-01,SC,225295.58,226233.0,SUL
2019-12-01,SE,36547.61,39732.0,NORDESTE
2019-12-01,SP,870037.44,692232.0,SUDESTE
2019-12-01,TO,35229.727,28749.0,NORTE
