erro,categoria
-0.072942304491698,entre -10% e 10%
0.20802216856400144,superestima entre 10% e 30%
-0.13210542515640852,subestima entre -30% e 10%
0.07498439252936485,entre -10% e 10%
0.21651239837846173,superestima entre 10% e 30%
0.04868739664540515,entre -10% e 10%
-0.20985268341010704,subestima entre -30% e 10%
-0.5426720214257686,subestima entre -60% e -30%
0.03680360890775529,entre -10% e 10%
-0.009305208571959595,entre -10% e 10%
-0.015420585190732094,entre -10% e 10%
0.09968743638962921,entre -10% e 10%
-0.1579704584692116,subestima entre -30% e 10%
-0.2740028858747786,subestima entre -30% e 10%
0.32858417657567945,superestima entre 30% e 60%
-0.29756324003268475,subestima entre -30% e 10%
-0.5295656482503629,subestima entre -60% e -30%
-0.0011254828049468014,entre -10% e 10%
-0.1511270663289501,subestima entre -30% e 10%
-0.13859596599981217,subestima entre -30% e 10%
0.030090355972680494,entre -10% e 10%
-0.1021337162066835,subestima entre -30% e 10%
-0.13507317948862357,subestima entre -30% e 10%
0.08674047973201761,entre -10% e 10%
-0.2076978405957748,subestima entre -30% e 10%
-0.2157155834825705,subestima entre -30% e 10%
-0.0322451227620356,entre -10% e 10%
-0.07271671615009478,entre -10% e 10%
0.243645361087446,superestima entre 10% e 30%
-0.19024749137170183,subestima entre -30% e 10%
-0.08613365091183953,entre -10% e 10%
0.20909718261356178,superestima entre 10% e 30%
0.08851121794871795,entre -10% e 10%
-0.04086183818640217,entre -10% e 10%
-0.26704097125308324,subestima entre -30% e 10%
-0.14019529334232467,subestima entre -30% e 10%
-0.17212053663735577,subestima entre -30% e 10%
-0.12025114291341847,subestima entre -30% e 10%
0.044463903923887584,entre -10% e 10%
-0.1846901662655874,subestima entre -30% e 10%
-0.24114713327751802,subestima entre -30% e 10%
0.18304021423849076,superestima entre 10% e 30%
-0.06147694384584544,entre -10% e 10%
-0.43822986520178825,subestima entre -60% e -30%
-0.1046541925499409,subestima entre -30% e 10%
-0.2191517843345318,subestima entre -30% e 10%
-0.26068674628942484,subestima entre -30% e 10%
-0.11959955302773174,subestima entre -30% e 10%
-0.21690041117636344,subestima entre -30% e 10%
-0.14258177315969603,subestima entre -30% e 10%
-0.14214408805297182,subestima entre -30% e 10%
-0.21348241121478095,subestima entre -30% e 10%
-0.25157332092964085,subestima entre -30% e 10%
-0.023477399706906026,entre -10% e 10%
-0.156533039518342,subestima entre -30% e 10%
0.07831039010371936,entre -10% e 10%
-0.17393903211677855,subestima entre -30% e 10%
-0.10517441392256724,subestima entre -30% e 10%
0.06332387651927782,entre -10% e 10%
-0.12373313991931434,subestima entre -30% e 10%
-0.31435991142553343,subestima entre -60% e -30%
-0.49340411412391133,subestima entre -60% e -30%
-0.13106392480857154,subestima entre -30% e 10%
-0.18461057378350393,subestima entre -30% e 10%
-0.1387918278246601,subestima entre -30% e 10%
-0.008641993247278436,entre -10% e 10%
-0.2169415890286191,subestima entre -30% e 10%
-0.29607832886374336,subestima entre -30% e 10%
0.0844576637858873,entre -10% e 10%
-0.12166604907773386,subestima entre -30% e 10%
-0.33255550575234527,subestima entre -60% e -30%
-0.050370915280719165,entre -10% e 10%
-0.15996518751203542,subestima entre -30% e 10%
-0.21604513097949887,subestima entre -30% e 10%
0.03286694044688506,entre -10% e 10%
-0.09139917994857386,entre -10% e 10%
-0.046238547003720834,entre -10% e 10%
-0.08638862917070672,entre -10% e 10%
-0.13378195294017697,subestima entre -30% e 10%
-0.14572356548483667,subestima entre -30% e 10%
0.09638891660015962,entre -10% e 10%
-0.11914737260521356,subestima entre -30% e 10%
0.09822341534003994,entre -10% e 10%
-0.11784421820677667,subestima entre -30% e 10%
-0.0580292497208124,entre -10% e 10%
0.07174703181138264,entre -10% e 10%
-0.07847168673200339,entre -10% e 10%
-0.2648753846223873,subestima entre -30% e 10%
-0.4506185537365233,subestima entre -60% e -30%
-0.10111189269976704,subestima entre -30% e 10%
-0.057220180901783387,entre -10% e 10%
0.0015676225201748488,entre -10% e 10%
0.08331060243617852,entre -10% e 10%
-0.16929871768866847,subestima entre -30% e 10%
-0.284249214720205,subestima entre -30% e 10%
0.06351188587555526,entre -10% e 10%
-0.17751282528202644,subestima entre -30% e 10%
-0.48207168591448857,subestima entre -60% e -30%
-0.05837283971367555,entre -10% e 10%
-0.18714670650617987,subestima entre -30% e 10%
-0.270153248326669,subestima entre -30% e 10%
-0.013193492247653201,entre -10% e 10%
-0.09470134583665112,entre -10% e 10%
-0.07442795565105968,entre -10% e 10%
0.026381794397180792,entre -10% e 10%
-0.06079160345715439,entre -10% e 10%
-0.2074849991071501,subestima entre -30% e 10%
0.04885906527328523,entre -10% e 10%
-0.06160682883120943,entre -10% e 10%
0.12130079289250054,superestima entre 10% e 30%
-0.08167204581038387,entre -10% e 10%
0.16035987358371437,superestima entre 10% e 30%
0.16518224999601291,superestima entre 10% e 30%
0.10760294751906527,superestima entre 10% e 30%
-0.14461326933716567,subestima entre -30% e 10%
-0.2840960960699703,subestima entre -30% e 10%
0.08831415417260764,entre -10% e 10%
-0.05645433090935892,entre -10% e 10%
-0.136506893775549,subestima entre -30% e 10%
0.18924733901863786,superestima entre 10% e 30%
-0.23080358981752275,subestima entre -30% e 10%
-0.1636515535567273,subestima entre -30% e 10%
0.069582529894399,entre -10% e 10%
-0.021007743721558288,entre -10% e 10%
-0.4220892500499958,subestima entre -60% e -30%
0.02101665611478377,entre -10% e 10%
-0.10382388373582908,subestima entre -30% e 10%
-0.10534984391705163,subestima entre -30% e 10%
-0.0064039324850715925,entre -10% e 10%
0.0026980400391807846,entre -10% e 10%
0.019970048513469327,entre -10% e 10%
0.043112566210796316,entre -10% e 10%
-0.0657987501229157,entre -10% e 10%
-0.14290232035928144,subestima entre -30% e 10%
0.015831218743526766,entre -10% e 10%
-0.024447456010588602,entre -10% e 10%
0.11992965678243775,superestima entre 10% e 30%
-0.08943129399530717,entre -10% e 10%
0.09315988093620209,entre -10% e 10%
0.17099330466640159,superestima entre 10% e 30%
0.15503721943159962,superestima entre 10% e 30%
-0.09999286955289767,entre -10% e 10%
-0.5127627369930957,subestima entre -60% e -30%
-0.0603646650364492,entre -10% e 10%
-0.12021180725381136,subestima entre -30% e 10%
-0.09033130877742947,entre -10% e 10%
0.17270285995822393,superestima entre 10% e 30%
-0.11610462743911384,subestima entre -30% e 10%
-0.11192814792976939,subestima entre -30% e 10%
0.004667770839930335,entre -10% e 10%
-0.3769575307999306,subestima entre -60% e -30%
-0.4435493432110689,subestima entre -60% e -30%
0.1387555124531819,superestima entre 10% e 30%
-0.08505867377855239,entre -10% e 10%
0.03162682287827412,entre -10% e 10%
0.0830900516906557,entre -10% e 10%
0.3292393552438405,superestima entre 30% e 60%
0.13432107485721229,superestima entre 10% e 30%
0.2633664834498407,superestima entre 10% e 30%
0.16983852550844536,superestima entre 10% e 30%
0.08239560625578016,entre -10% e 10%
0.05754356769881866,entre -10% e 10%
0.005234490288951302,entre -10% e 10%
0.2520394064818001,superestima entre 10% e 30%
-0.017798128451398373,entre -10% e 10%
0.23812364959594795,superestima entre 10% e 30%
0.2814960419949597,superestima entre 10% e 30%
0.19778706500226775,superestima entre 10% e 30%
0.2594873260364616,superestima entre 10% e 30%
-0.4099173122792159,subestima entre -60% e -30%
0.050054033230290035,entre -10% e 10%
0.0864775843532131,entre -10% e 10%
-0.04413389146829468,entre -10% e 10%
0.32224093734961057,superestima entre 30% e 60%
0.05292079580910509,entre -10% e 10%
-0.15438526753374257,subestima entre -30% e 10%
0.061017393759794605,entre -10% e 10%
0.2958790091555581,superestima entre 10% e 30%
-0.33876227249650626,subestima entre -60% e -30%
-0.04155738980233737,entre -10% e 10%
-0.08209245387212111,entre -10% e 10%
-0.1817159855387223,subestima entre -30% e 10%
-0.06091481526482328,entre -10% e 10%
0.010393915756630265,entre -10% e 10%
0.1862390173254343,superestima entre 10% e 30%
-0.09167342376829347,entre -10% e 10%
0.025076797243409183,entre -10% e 10%
-0.05412929055105853,entre -10% e 10%
0.18137930065212504,superestima entre 10% e 30%
-0.07609152245406217,entre -10% e 10%
0.09967963653308481,entre -10% e 10%
0.06595854432633025,entre -10% e 10%
0.14959406918314622,superestima entre 10% e 30%
0.03717680856179557,entre -10% e 10%
0.2363127179841296,superestima entre 10% e 30%
0.15531258363566075,superestima entre 10% e 30%
-0.3574303847505271,subestima entre -60% e -30%
-0.048995230416098656,entre -10% e 10%
-0.014789319846394098,entre -10% e 10%
-0.11187000324114088,subestima entre -30% e 10%
0.1431811560042689,superestima entre 10% e 30%
-0.027748407093303545,entre -10% e 10%
0.08637990908772422,entre -10% e 10%
0.064277838949478,entre -10% e 10%
1.7583715758554121,superestima mais de 90%
-0.16331434427049968,subestima entre -30% e 10%
0.09542219169131763,entre -10% e 10%
0.18044642700483388,superestima entre 10% e 30%
-0.15023164501343994,subestima entre -30% e 10%
0.20776582704559565,superestima entre 10% e 30%
0.16361985035903348,superestima entre 10% e 30%
0.6273680768970037,superestima entre 60% e 90%
0.3196564502384425,superestima entre 30% e 60%
0.03723923943545725,entre -10% e 10%
0.03291491456896951,entre -10% e 10%
0.48656466129430653,superestima entre 30% e 60%
-0.01981754919760768,entre -10% e 10%
0.2237348340350766,superestima entre 10% e 30%
0.46082417130331105,superestima entre 30% e 60%
0.05812024887750278,entre -10% e 10%
0.3746454695048412,superestima entre 30% e 60%
0.5486266853525807,superestima entre 30% e 60%
0.1845245433300459,superestima entre 10% e 30%
0.41633631744988314,superestima entre 30% e 60%
-0.024402779545486687,entre -10% e 10%
-0.08139873012485327,entre -10% e 10%
0.030224240686939595,entre -10% e 10%
0.2212341575508285,superestima entre 10% e 30%
0.5174164534274374,superestima entre 30% e 60%
-0.06302282850421637,entre -10% e 10%
-0.07840331666440263,entre -10% e 10%
0.9018846313879975,superestima mais de 90%
-0.32630731205911856,subestima entre -60% e -30%
-0.03660464137511182,entre -10% e 10%
0.129608109704346,superestima entre 10% e 30%
-0.2387337216683521,subestima entre -30% e 10%
-0.07580879893392033,entre -10% e 10%
-0.04169020834738807,entre -10% e 10%
0.3025975375702045,superestima entre 30% e 60%
-0.032159529181970445,entre -10% e 10%
-0.1240279372696118,subestima entre -30% e 10%
-0.10177984302911386,subestima entre -30% e 10%
0.25169857225000813,superestima entre 10% e 30%
-0.12045973939578479,subestima entre -30% e 10%
0.07357292993745838,entre -10% e 10%
0.37830561634617715,superestima entre 30% e 60%
-0.05795055554711131,entre -10% e 10%
0.08861441202973643,entre -10% e 10%
0.254516711833785,superestima entre 10% e 30%
0.09705938244451874,entre -10% e 10%
-0.4814631748581442,subestima entre -60% e -30%
-0.12057132228355329,subestima entre -30% e 10%
-0.1812710067221511,subestima entre -30% e 10%
0.09588200835399192,entre -10% e 10%
0.0076046191442218315,entre -10% e 10%
0.12136800033835222,superestima entre 10% e 30%
-0.003494543205042621,entre -10% e 10%
-0.003448784157449577,entre -10% e 10%
0.07769370210662199,entre -10% e 10%
-0.3906877265955261,subestima entre -60% e -30%
-0.001997100786518265,entre -10% e 10%
0.10798275766539088,superestima entre 10% e 30%
-0.20616103202846975,subestima entre -30% e 10%
0.062497548723827914,entre -10% e 10%
-0.04008984392228642,entre -10% e 10%
0.3291637600891402,superestima entre 30% e 60%
-0.07097012474399109,entre -10% e 10%
-0.16803127349876465,subestima entre -30% e 10%
-0.12481460446426768,subestima entre -30% e 10%
0.3689481977829504,superestima entre 30% e 60%
-0.034939024818379266,entre -10% e 10%
0.16156412046654048,superestima entre 10% e 30%
0.3011520553458421,superestima entre 30% e 60%
-0.06242295673041049,entre -10% e 10%
0.15439974005098886,superestima entre 10% e 30%
0.32857420097435625,superestima entre 30% e 60%
0.14549139133178615,superestima entre 10% e 30%
-0.39457125259566234,subestima entre -60% e -30%
-0.10739668888624371,subestima entre -30% e 10%
-0.1587280423097846,subestima entre -30% e 10%
0.1446029611347056,superestima entre 10% e 30%
0.027099180508092,entre -10% e 10%
0.19616820364639165,superestima entre 10% e 30%
0.08266645881634767,entre -10% e 10%
0.31719253963566985,superestima entre 30% e 60%
0.78131821076671,superestima entre 60% e 90%
-0.32272329894596025,subestima entre -60% e -30%
0.2484918569553464,superestima entre 10% e 30%
0.18438665137282584,superestima entre 10% e 30%
-0.010539779690095586,entre -10% e 10%
0.2527531434391683,superestima entre 10% e 30%
0.07740737415688234,entre -10% e 10%
0.5775740744312671,superestima entre 30% e 60%
0.1611855907086361,superestima entre 10% e 30%
-0.015059850590347467,entre -10% e 10%
5.003008901807612e-05,entre -10% e 10%
0.4012358705226072,superestima entre 30% e 60%
0.034245747432878934,entre -10% e 10%
0.37583737841826864,superestima entre 30% e 60%
0.4051512436141912,superestima entre 30% e 60%
0.20661559394453116,superestima entre 10% e 30%
0.38559301991507017,superestima entre 30% e 60%
0.6389407966112511,superestima entre 60% e 90%
0.391715393748448,superestima entre 30% e 60%
-0.1364998894684232,subestima entre -30% e 10%
0.08874871223676112,entre -10% e 10%
0.05418356156113856,entre -10% e 10%
0.32027090780317147,superestima entre 30% e 60%
0.34803347604362683,superestima entre 30% e 60%
0.3317924999511509,superestima entre 30% e 60%
-0.24011436419495938,subestima entre -30% e 10%
0.03520559210526316,entre -10% e 10%
0.9268865842223196,superestima mais de 90%
-0.3947370719441032,subestima entre -60% e -30%
-0.10424766334987447,subestima entre -30% e 10%
-0.12027763841590314,subestima entre -30% e 10%
-0.3531232643032885,subestima entre -60% e -30%
-0.16449617680976972,subestima entre -30% e 10%
-0.28060812151035447,subestima entre -30% e 10%
0.07835121473704604,entre -10% e 10%
-0.323487132627838,subestima entre -60% e -30%
-0.21812457559462634,subestima entre -30% e 10%
-0.365833761789944,subestima entre -60% e -30%
-0.10580092611440922,subestima entre -30% e 10%
-0.18132344105009351,subestima entre -30% e 10%
0.01703319994574064,entre -10% e 10%
0.07545871099376941,entre -10% e 10%
-0.1460149647479485,subestima entre -30% e 10%
-0.2053773997409476,subestima entre -30% e 10%
0.16229907955573702,superestima entre 10% e 30%
-0.1947910985446508,subestima entre -30% e 10%
-0.35409356221554544,subestima entre -60% e -30%
-0.1962566224740239,subestima entre -30% e 10%
-0.26699675665279576,subestima entre -30% e 10%
0.24166326089561438,superestima entre 10% e 30%
-0.13681595416250336,subestima entre -30% e 10%
-0.1658224822613515,subestima entre -30% e 10%
-0.09458338998523813,entre -10% e 10%
0.14610148695804742,superestima entre 10% e 30%
0.06322494502307008,entre -10% e 10%
-0.27802871218152864,subestima entre -30% e 10%
-0.03199458639357264,entre -10% e 10%
-0.10557277243316315,subestima entre -30% e 10%
-0.2600603661439509,subestima entre -30% e 10%
-0.11204293171797831,subestima entre -30% e 10%
-0.13466863868084838,subestima entre -30% e 10%
0.2878543273639907,superestima entre 10% e 30%
-0.2576661440327394,subestima entre -30% e 10%
-0.21742987401321281,subestima entre -30% e 10%
-0.23760460235055278,subestima entre -30% e 10%
-0.019855996082386987,entre -10% e 10%
-0.0887741514306116,entre -10% e 10%
0.15902924528301887,superestima entre 10% e 30%
0.20894145766254307,superestima entre 10% e 30%
-0.10788909842513002,subestima entre -30% e 10%
-0.08275299230786234,entre -10% e 10%
0.32490699625757397,superestima entre 30% e 60%
0.05260321109266702,entre -10% e 10%
0.08060416079554943,entre -10% e 10%
-0.0070319231183457445,entre -10% e 10%
-0.20941725819411494,subestima entre -30% e 10%
0.33498750355138857,superestima entre 30% e 60%
0.0350746078839533,entre -10% e 10%
-0.03929679901113153,entre -10% e 10%
-0.18230752002111245,subestima entre -30% e 10%
-0.03273214299760871,entre -10% e 10%
0.7323125561209218,superestima entre 60% e 90%
0.07558165926444879,entre -10% e 10%
-0.15819917454764118,subestima entre -30% e 10%
-0.2504388881523646,subestima entre -30% e 10%
-0.3606197380381962,subestima entre -60% e -30%
-0.17333529400780534,subestima entre -30% e 10%
-0.25019340527043293,subestima entre -30% e 10%
-0.017605648784804955,entre -10% e 10%
-0.2878705022394678,subestima entre -30% e 10%
-0.2882913687359867,subestima entre -30% e 10%
-0.3808430651799219,subestima entre -60% e -30%
-0.06701649933828807,entre -10% e 10%
-0.15756785829686842,subestima entre -30% e 10%
-0.06636965962922546,entre -10% e 10%
-0.04402300011086299,entre -10% e 10%
-0.12037904747823516,subestima entre -30% e 10%
-0.14110797532390637,subestima entre -30% e 10%
0.07948164094703215,entre -10% e 10%
-0.3437240531074237,subestima entre -60% e -30%
-0.42677412210051546,subestima entre -60% e -30%
-0.17734821874258405,subestima entre -30% e 10%
-0.22102099088948962,subestima entre -30% e 10%
0.15400427012398818,superestima entre 10% e 30%
-0.05549759451413456,entre -10% e 10%
-0.18664228243497538,subestima entre -30% e 10%
-0.28752254395455185,subestima entre -30% e 10%
0.00963015543971478,entre -10% e 10%
0.0168807293158676,entre -10% e 10%
-0.2853621534847055,subestima entre -30% e 10%
-0.0685808585798108,entre -10% e 10%
-0.14887389120855862,subestima entre -30% e 10%
-0.3636515978401928,subestima entre -60% e -30%
-0.13017178559861817,subestima entre -30% e 10%
-0.2308526518321792,subestima entre -30% e 10%
0.01712405176260598,entre -10% e 10%
-0.2877032008588829,subestima entre -30% e 10%
-0.10592586018960745,subestima entre -30% e 10%
-0.28506137047571084,subestima entre -30% e 10%
-0.06498604135706894,entre -10% e 10%
-0.08127436361584275,entre -10% e 10%
0.07918513148946664,entre -10% e 10%
0.0813406632331774,entre -10% e 10%
-0.004550606292331221,entre -10% e 10%
-0.20810238571686498,subestima entre -30% e 10%
0.22945311555663,superestima entre 10% e 30%
-0.40631815519105985,subestima entre -60% e -30%
-0.5883557247521256,subestima entre -60% e -30%
-0.00828597074071867,entre -10% e 10%
-0.10935903618288573,subestima entre -30% e 10%
0.15633577061599602,superestima entre 10% e 30%
-0.012290891974443694,entre -10% e 10%
-0.19523331580940936,subestima entre -30% e 10%
-0.26503952005515063,subestima entre -30% e 10%
-0.10967883781710157,subestima entre -30% e 10%
-0.02919767209094119,entre -10% e 10%
-0.45469899721823404,subestima entre -60% e -30%
-0.11163100578230924,subestima entre -30% e 10%
-0.22439397729250044,subestima entre -30% e 10%
-0.30240702163489536,subestima entre -60% e -30%
-0.17240657027073478,subestima entre -30% e 10%
-0.22550292325623264,subestima entre -30% e 10%
-0.1167438090332996,subestima entre -30% e 10%
-0.3471595500927063,subestima entre -60% e -30%
-0.12113020081770082,subestima entre -30% e 10%
-0.3267925354206417,subestima entre -60% e -30%
-0.17365925403362484,subestima entre -30% e 10%
-0.1524695503599919,subestima entre -30% e 10%
-0.07100602751769591,entre -10% e 10%
0.06503843425526241,entre -10% e 10%
0.03330455959411411,entre -10% e 10%
-0.207419537206205,subestima entre -30% e 10%
0.22945191067719625,superestima entre 10% e 30%
-0.38523883528729563,subestima entre -60% e -30%
-0.38901195645781056,subestima entre -60% e -30%
-0.19575840199069894,subestima entre -30% e 10%
-0.2201062017046184,subestima entre -30% e 10%
0.19367280892285252,superestima entre 10% e 30%
-0.06681654235574122,entre -10% e 10%
-0.20310916292085315,subestima entre -30% e 10%
-0.28367364144398766,subestima entre -30% e 10%
-0.07330250563526276,entre -10% e 10%
-0.05011725356929659,entre -10% e 10%
-0.17936604885991778,subestima entre -30% e 10%
-0.013960200215815524,entre -10% e 10%
-0.2005474963632614,subestima entre -30% e 10%
-0.1257293010437434,subestima entre -30% e 10%
-0.1020622228767137,subestima entre -30% e 10%
-0.05310512906030104,entre -10% e 10%
-0.02128444563699374,entre -10% e 10%
-0.17922063780681716,subestima entre -30% e 10%
-0.1879005639170099,subestima entre -30% e 10%
-0.13399703753061518,subestima entre -30% e 10%
-0.08031074698038423,entre -10% e 10%
-0.09827051161026933,entre -10% e 10%
0.02722535773647886,entre -10% e 10%
-0.010953456832411937,entre -10% e 10%
-0.08933780640956585,entre -10% e 10%
-0.08335223123452765,entre -10% e 10%
0.20933500676122876,superestima entre 10% e 30%
-0.2777458994124741,subestima entre -30% e 10%
-0.4804008710848112,subestima entre -60% e -30%
-0.15867469324332117,subestima entre -30% e 10%
-0.21863177155122904,subestima entre -30% e 10%
0.18580121064784702,superestima entre 10% e 30%
-0.009309027055120636,entre -10% e 10%
-0.08449834916159668,entre -10% e 10%
-0.13826138231321985,subestima entre -30% e 10%
-0.07427566936037892,entre -10% e 10%
0.7404633309248555,superestima entre 60% e 90%
-0.30728369269371436,subestima entre -60% e -30%
0.1913971371792287,superestima entre 10% e 30%
-0.08824961028218752,entre -10% e 10%
-0.10639328044883703,subestima entre -30% e 10%
-0.08296730723307154,entre -10% e 10%
0.060807312958327565,entre -10% e 10%
0.2167673736154017,superestima entre 10% e 30%
-0.07479512629522003,entre -10% e 10%
-0.058572740821053286,entre -10% e 10%
-0.060128683564891386,entre -10% e 10%
0.16524760332158692,superestima entre 10% e 30%
-0.08112115083507307,entre -10% e 10%
0.1978979252195816,superestima entre 10% e 30%
0.2629772370497484,superestima entre 10% e 30%
0.07277310448480316,entre -10% e 10%
0.003066290251560788,entre -10% e 10%
0.2743160870702053,superestima entre 10% e 30%
-0.18878870861819283,subestima entre -30% e 10%
-0.5235500552116736,subestima entre -60% e -30%
-0.010349753835300663,entre -10% e 10%
-0.012685440328336238,entre -10% e 10%
0.05553060891439448,entre -10% e 10%
0.09802107679763344,entre -10% e 10%
0.08101681047472169,entre -10% e 10%
-0.16678069206404184,subestima entre -30% e 10%
-0.18289452546081883,subestima entre -30% e 10%
-0.11863011850296037,subestima entre -30% e 10%
-0.3556008091431483,subestima entre -60% e -30%
-0.16637412371151708,subestima entre -30% e 10%
-0.07904961049069598,entre -10% e 10%
-0.24317398958971218,subestima entre -30% e 10%
-0.21504923873420903,subestima entre -30% e 10%
-0.0968761702288199,entre -10% e 10%
-0.01069226754882536,entre -10% e 10%
-0.24403040246146973,subestima entre -30% e 10%
-0.19076997861722564,subestima entre -30% e 10%
-0.21419587208453036,subestima entre -30% e 10%
0.0758238184708773,entre -10% e 10%
-0.23806008735838244,subestima entre -30% e 10%
-0.05104984814945694,entre -10% e 10%
-0.0015966255118826783,entre -10% e 10%
-0.09475269345675763,entre -10% e 10%
-0.20880123673202672,subestima entre -30% e 10%
0.06037619219417981,entre -10% e 10%
-0.2784746297106791,subestima entre -30% e 10%
-0.6333627281142763,subestima entre -90% e 60%
-0.1378814329918295,subestima entre -30% e 10%
-0.16339638157894737,subestima entre -30% e 10%
-0.09635694410260617,entre -10% e 10%
-0.05809588285485776,entre -10% e 10%
-0.09555701901787127,entre -10% e 10%
-0.13105269317141893,subestima entre -30% e 10%
-0.14491939324922642,subestima entre -30% e 10%
0.03812708616693499,entre -10% e 10%
-0.1781349668143467,subestima entre -30% e 10%
-0.04492517940905264,entre -10% e 10%
-0.024420870098890664,entre -10% e 10%
-0.17665392473058175,subestima entre -30% e 10%
-0.09649262211754923,entre -10% e 10%
0.04231957378223496,entre -10% e 10%
0.3871230940920545,superestima entre 30% e 60%
-0.12414993303653796,subestima entre -30% e 10%
-0.050291035257386534,entre -10% e 10%
-0.12650327893576302,subestima entre -30% e 10%
0.24461800440319517,superestima entre 10% e 30%
-0.09820713231699589,entre -10% e 10%
0.15897456532478155,superestima entre 10% e 30%
0.20106312657995376,superestima entre 10% e 30%
0.032187972846393756,entre -10% e 10%
0.010449244743146128,entre -10% e 10%
0.28701081795984806,superestima entre 10% e 30%
-0.021432626204335607,entre -10% e 10%
-0.664231278742248,subestima entre -90% e 60%
-0.13699158916849016,subestima entre -30% e 10%
-0.12481476948640238,subestima entre -30% e 10%
0.08289837697332167,entre -10% e 10%
0.09633767533127285,entre -10% e 10%
0.02546565338563171,entre -10% e 10%
0.21560916711788367,superestima entre 10% e 30%
-0.10815025721255833,subestima entre -30% e 10%
0.09184456174694444,entre -10% e 10%
-0.24795363219601865,subestima entre -30% e 10%
-0.03325638058126252,entre -10% e 10%
0.20140713491580828,superestima entre 10% e 30%
-0.21115471387471624,subestima entre -30% e 10%
-0.04399120019782604,entre -10% e 10%
-0.05177318648154115,entre -10% e 10%
0.4528243182150771,superestima entre 30% e 60%
-0.1236568159018634,subestima entre -30% e 10%
-0.022541112766445107,entre -10% e 10%
-0.1682903179643238,subestima entre -30% e 10%
0.27753858037446,superestima entre 10% e 30%
-0.05796981739664576,entre -10% e 10%
0.14387154887133904,superestima entre 10% e 30%
0.3509438378658677,superestima entre 30% e 60%
0.021648892582685715,entre -10% e 10%
-0.09315672249501677,entre -10% e 10%
0.39093306011876683,superestima entre 30% e 60%
-0.10421591482951972,subestima entre -30% e 10%
-0.6403992876838235,subestima entre -90% e 60%
-0.11472723384964448,subestima entre -30% e 10%
-0.18069798054112782,subestima entre -30% e 10%
0.08970057581960607,entre -10% e 10%
0.051693373756242514,entre -10% e 10%
0.07193164908008658,entre -10% e 10%
-0.06627299483369195,entre -10% e 10%
-0.15682723399279463,subestima entre -30% e 10%
-0.09871520030892196,entre -10% e 10%
-0.1567467485549133,subestima entre -30% e 10%
-0.058106597028176436,entre -10% e 10%
0.16589933797988,superestima entre 10% e 30%
-0.17873720843488758,subestima entre -30% e 10%
-0.007700875789220719,entre -10% e 10%
-0.054043266318286556,entre -10% e 10%
0.5569860748008914,superestima entre 30% e 60%
-0.23562528594795307,subestima entre -30% e 10%
-0.1793557726166848,subestima entre -30% e 10%
-0.19839190414386385,subestima entre -30% e 10%
0.4483910482230721,superestima entre 30% e 60%
-0.10478631030596794,subestima entre -30% e 10%
0.11489647697731288,superestima entre 10% e 30%
0.4571675056339408,superestima entre 30% e 60%
-0.03382267597726599,entre -10% e 10%
-0.1753669430828946,subestima entre -30% e 10%
0.33071778233151183,superestima entre 30% e 60%
-0.1979539430878751,subestima entre -30% e 10%
-0.6109957821497687,subestima entre -90% e 60%
-0.15714145759656944,subestima entre -30% e 10%
-0.2255932947980051,subestima entre -30% e 10%
0.09241287634793396,entre -10% e 10%
-0.05578032458065978,entre -10% e 10%
0.179803498515219,superestima entre 10% e 30%
-0.12257975208366645,subestima entre -30% e 10%
-0.23232519786087075,subestima entre -30% e 10%
-0.053556518845893075,entre -10% e 10%
-0.12152933944488865,subestima entre -30% e 10%
-0.15767841560486962,subestima entre -30% e 10%
0.014038926617158491,entre -10% e 10%
-0.35106679056325996,subestima entre -60% e -30%
-0.04194354004222673,entre -10% e 10%
-0.17612510877874524,subestima entre -30% e 10%
0.3418187081266657,superestima entre 30% e 60%
-0.259949033236826,subestima entre -30% e 10%
-0.2032270954992716,subestima entre -30% e 10%
-0.29847966811626914,subestima entre -30% e 10%
0.2404207322545902,superestima entre 10% e 30%
-0.16649868536371604,subestima entre -30% e 10%
0.05303466339441378,entre -10% e 10%
0.09142468059313877,entre -10% e 10%
-0.019985488250536382,entre -10% e 10%
-0.17299035004710386,subestima entre -30% e 10%
0.17036936641294326,superestima entre 10% e 30%
-0.1755893640350877,subestima entre -30% e 10%
-0.6084052033107855,subestima entre -90% e 60%
-0.04237671374755523,entre -10% e 10%
-0.2057829767678781,subestima entre -30% e 10%
0.10985478011131196,superestima entre 10% e 30%
-0.11009425446049277,subestima entre -30% e 10%
-0.13453207671957673,subestima entre -30% e 10%
-0.2010606567241877,subestima entre -30% e 10%
0.1624846520956487,superestima entre 10% e 30%
-0.07527564788397527,entre -10% e 10%
-0.22472228485780985,subestima entre -30% e 10%
0.17954589299895612,superestima entre 10% e 30%
0.0337568724535544,entre -10% e 10%
-0.3258073366524675,subestima entre -60% e -30%
0.001232401295444578,entre -10% e 10%
-0.11651837617878827,subestima entre -30% e 10%
0.13377578020673625,superestima entre 10% e 30%
-0.22626708158233597,subestima entre -30% e 10%
-0.0894101599078009,entre -10% e 10%
-0.3300471414242728,subestima entre -60% e -30%
0.1997079442269351,superestima entre 10% e 30%
0.05088177014102351,entre -10% e 10%
0.30464468182605764,superestima entre 30% e 60%
0.030646569660374684,entre -10% e 10%
-0.000335193356256501,entre -10% e 10%
-0.14922760145802377,subestima entre -30% e 10%
0.2977958826615458,superestima entre 10% e 30%
-0.30216064244707186,subestima entre -60% e -30%
-0.5150699801691074,subestima entre -60% e -30%
-0.14363806035444457,subestima entre -30% e 10%
-0.1830928128836149,subestima entre -30% e 10%
0.25505133058718926,superestima entre 10% e 30%
0.0025113146808825636,entre -10% e 10%
-0.12320759336160687,subestima entre -30% e 10%
-0.28257108103097406,subestima entre -30% e 10%
-0.017065203542434106,entre -10% e 10%
-0.27453264294497387,subestima entre -30% e 10%
-0.33428721266442984,subestima entre -60% e -30%
-0.06433940070828913,entre -10% e 10%
-0.11699786559365613,subestima entre -30% e 10%
-0.3813987490623828,subestima entre -60% e -30%
-0.1075234416395428,subestima entre -30% e 10%
-0.23459358559374147,subestima entre -30% e 10%
0.1576802973977695,superestima entre 10% e 30%
-0.2816328622163315,subestima entre -30% e 10%
-0.23797472837909006,subestima entre -30% e 10%
-0.31571805793443314,subestima entre -60% e -30%
0.05917764529813712,entre -10% e 10%
-0.13995907199710564,subestima entre -30% e 10%
0.19490097741617435,superestima entre 10% e 30%
-0.08555428812029413,entre -10% e 10%
-0.12801371666987182,subestima entre -30% e 10%
-0.17246998721004592,subestima entre -30% e 10%
0.0518631263933314,entre -10% e 10%
-0.05568618458085065,entre -10% e 10%
-0.42837623625141014,subestima entre -60% e -30%
-0.1815633459808582,subestima entre -30% e 10%
-0.2997970107997338,subestima entre -30% e 10%
0.37825485747555626,superestima entre 30% e 60%
-0.0908704816413852,entre -10% e 10%
-0.11967432387515467,subestima entre -30% e 10%
-0.2768740679939305,subestima entre -30% e 10%
-0.07454358717724999,entre -10% e 10%
-0.25483273283924807,subestima entre -30% e 10%
-0.13552039019793688,subestima entre -30% e 10%
-0.11945259374133999,subestima entre -30% e 10%
-0.16988842815008515,subestima entre -30% e 10%
-0.3756165743368628,subestima entre -60% e -30%
-0.13375072222593615,subestima entre -30% e 10%
-0.23029852398280146,subestima entre -30% e 10%
0.04384528704449437,entre -10% e 10%
-0.30793346769062135,subestima entre -60% e -30%
-0.22089959682040827,subestima entre -30% e 10%
-0.3870533703485552,subestima entre -60% e -30%
0.12995038652162424,superestima entre 10% e 30%
-0.1458977060865652,subestima entre -30% e 10%
0.0737927593157085,entre -10% e 10%
-0.12857169034628943,subestima entre -30% e 10%
-0.1309587232465487,subestima entre -30% e 10%
-0.13186882325315474,subestima entre -30% e 10%
-0.03762274196221412,entre -10% e 10%
-0.36222428466191064,subestima entre -60% e -30%
-0.5985709554491662,subestima entre -60% e -30%
-0.19183571691935283,subestima entre -30% e 10%
-0.2538248056194117,subestima entre -30% e 10%
0.19854712617213663,superestima entre 10% e 30%
-0.12534940346683826,subestima entre -30% e 10%
-0.23557157315961644,subestima entre -30% e 10%
-0.3898430713425228,subestima entre -60% e -30%
-0.1916637733257627,subestima entre -30% e 10%
-0.17890226256515063,subestima entre -30% e 10%
-0.4079220001430206,subestima entre -60% e -30%
-0.11991727152538217,subestima entre -30% e 10%
-0.017726553479023223,entre -10% e 10%
-0.39547342039064814,subestima entre -60% e -30%
-0.0717802374910284,entre -10% e 10%
-0.20384435984065352,subestima entre -30% e 10%
0.10992389195642441,superestima entre 10% e 30%
-0.24526587046997878,subestima entre -30% e 10%
-0.19798470469623014,subestima entre -30% e 10%
-0.38224742308898024,subestima entre -60% e -30%
-0.005116333369387959,entre -10% e 10%
-0.13567093055487617,subestima entre -30% e 10%
0.11563084919114043,superestima entre 10% e 30%
-0.10888301559290095,subestima entre -30% e 10%
-0.04836165509127481,entre -10% e 10%
-0.12559024388891354,subestima entre -30% e 10%
-0.02225076948163242,entre -10% e 10%
-0.3296569922238188,subestima entre -60% e -30%
-0.6119238105050016,subestima entre -90% e 60%
-0.132731212459689,subestima entre -30% e 10%
-0.2173639848005623,subestima entre -30% e 10%
-0.10712729302727622,subestima entre -30% e 10%
-0.061801440753465435,entre -10% e 10%
-0.09029268098906484,entre -10% e 10%
-0.3788923674649144,subestima entre -60% e -30%
-0.3375767290939747,subestima entre -60% e -30%
-0.23538709403027455,subestima entre -30% e 10%
-0.42467753824838955,subestima entre -60% e -30%
-0.2171740721503447,subestima entre -30% e 10%
-0.18407071484558243,subestima entre -30% e 10%
-0.4190506965113068,subestima entre -60% e -30%
-0.0599325238833529,entre -10% e 10%
-0.2523548665823895,subestima entre -30% e 10%
-0.06496350674243172,entre -10% e 10%
-0.34145401246429585,subestima entre -60% e -30%
-0.20094698705027184,subestima entre -30% e 10%
-0.4163323179113564,subestima entre -60% e -30%
-0.06819881571949551,entre -10% e 10%
-0.33342517540676686,subestima entre -60% e -30%
-0.19328895339610663,subestima entre -30% e 10%
-0.14468674581515104,subestima entre -30% e 10%
-0.1138578668107009,subestima entre -30% e 10%
-0.21161159921534195,subestima entre -30% e 10%
-0.08996900589773339,entre -10% e 10%
-0.34026879027124635,subestima entre -60% e -30%
-0.6468653087547603,subestima entre -90% e 60%
-0.13219161776816965,subestima entre -30% e 10%
-0.26754241228184256,subestima entre -30% e 10%
-0.18275734440315838,subestima entre -30% e 10%
-0.11970805282237183,subestima entre -30% e 10%
-0.20222095785869704,subestima entre -30% e 10%
-0.3231304409032619,subestima entre -60% e -30%
-0.26799624682510886,subestima entre -30% e 10%
-0.24422315779544926,subestima entre -30% e 10%
-0.11598692943026957,subestima entre -30% e 10%
-0.1257546787250317,subestima entre -30% e 10%
-0.14972162164226996,subestima entre -30% e 10%
-0.29098843161343163,subestima entre -30% e 10%
0.22458834408812411,superestima entre 10% e 30%
-0.11658709842249486,subestima entre -30% e 10%
-0.05292785473530959,entre -10% e 10%
-0.27163683198814537,subestima entre -30% e 10%
-0.146730333408607,subestima entre -30% e 10%
-0.2698942310017898,subestima entre -30% e 10%
-0.013663805394260374,entre -10% e 10%
-0.29440780145196055,subestima entre -30% e 10%
-0.061395772988954725,entre -10% e 10%
-0.08693544750188523,entre -10% e 10%
-0.043812866997937544,entre -10% e 10%
-0.1347973930799848,subestima entre -30% e 10%
0.0018671501888119656,entre -10% e 10%
-0.28539694023770057,subestima entre -30% e 10%
-0.627712588282516,subestima entre -90% e 60%
-0.12691302662532078,subestima entre -30% e 10%
-0.19878708894236752,subestima entre -30% e 10%
-0.11633424189691503,subestima entre -30% e 10%
-0.013821876942271393,entre -10% e 10%
-0.14606049613045882,subestima entre -30% e 10%
-0.02066160187007874,entre -10% e 10%
-0.23110391825671864,subestima entre -30% e 10%
-0.13797177360990492,subestima entre -30% e 10%
-0.30344400192989246,subestima entre -60% e -30%
0.01272405206201527,entre -10% e 10%
-0.08774565518797962,entre -10% e 10%
-0.19485912961496074,subestima entre -30% e 10%
0.25705502213210346,superestima entre 10% e 30%
0.029590091944762052,entre -10% e 10%
0.042073486159732436,entre -10% e 10%
-0.01610437440314895,entre -10% e 10%
0.18488102124991168,superestima entre 10% e 30%
-0.035469394370568307,entre -10% e 10%
0.07851983781765118,entre -10% e 10%
-0.25981103465934297,subestima entre -30% e 10%
0.011274492460889254,entre -10% e 10%
0.0076349177539979315,entre -10% e 10%
0.3084273544236914,superestima entre 30% e 60%
0.01711474700643479,entre -10% e 10%
0.09877389048723664,entre -10% e 10%
-0.02818140153922993,entre -10% e 10%
-0.5832020266656479,subestima entre -60% e -30%
-0.08423656782280681,entre -10% e 10%
-0.013214736024364262,entre -10% e 10%
-0.047577755335749525,entre -10% e 10%
0.23750554366166257,superestima entre 10% e 30%
0.10153838231329786,superestima entre 10% e 30%
